Date,Open,High,Low,Close,Volume,Dividends,Stock Splits,daily_return,cum_return,moving_average,upper_band,lower_band,Conversion,Baseline,SpanA,SpanB,Lagging
2017-04-20,121.5,122.0999984741211,117.0,118.1999969482422,27233,0,0.0,,,,,,,,,,93.0
2017-04-21,117.9000015258789,119.6999969482422,115.1999969482422,118.5,32383,0,0.0,0.002538096950113866,1.0025380969501139,,,,,,,,89.4000015258789
2017-04-24,120.0,120.9000015258789,117.5999984741211,118.5,33667,0,0.0,0.0,1.0025380969501139,,,,,,,,92.0999984741211
2017-04-25,119.4000015258789,124.16999816894533,118.0500030517578,120.0,42733,0,0.0,0.012658227848101333,1.0152284526077102,,,,,,,,98.0999984741211
2017-04-26,119.6999969482422,121.1999969482422,118.5,119.4000015258789,31233,0,0.0,-0.0049999872843424775,1.010152323253969,,,,,,,,100.8000030517578
2017-04-27,119.4000015258789,120.0,118.1999969482422,118.8000030517578,15717,0,0.0,-0.005025112784366792,1.0050761939002277,,,,,,,,101.4000015258789
2017-04-28,113.0999984741211,114.2699966430664,105.0,110.4000015258789,103117,0,0.0,-0.07070708173483164,0.9340101893083909,,,,,,,,96.5999984741211
2017-05-01,111.3000030517578,113.4000015258789,110.6999969482422,111.3000030517578,49683,0,0.0,0.008152187621735862,0.9416244156122459,,,,,,,,96.3000030517578
2017-05-02,111.0,112.5,106.6500015258789,108.0,47017,0,0.0,-0.029649622293569933,0.9137056073469393,,,,114.58499908447266,,,,96.3000030517578
2017-05-03,106.8000030517578,110.0999984741211,105.3000030517578,109.1999969482422,28833,0,0.0,0.011111082854094567,0.9238578660544219,,,,114.58499908447266,,,,96.3000030517578
2017-05-04,109.8000030517578,110.6999969482422,102.0,102.3000030517578,51317,0,0.0,-0.06318675905966198,0.8654822816666676,,,,113.08499908447266,,,,96.3000030517578
2017-05-05,105.0,106.5,102.0,105.9000015258789,30483,0,0.0,0.03519059987026307,0.8959391223356017,,,,113.08499908447266,,,,97.8000030517578
2017-05-08,105.0,105.9000015258789,102.5999984741211,105.0,30467,0,0.0,-0.008498597855628676,0.8883248960317465,,,,111.5999984741211,,,,99.0
2017-05-09,106.1999969482422,107.0999984741211,104.4000015258789,105.9000015258789,19567,0,0.0,0.008571443103608578,0.8959391223356016,,,,111.0,,,,100.1999969482422
2017-05-10,105.3000030517578,108.0,102.9000015258789,106.8000030517578,20467,0,0.0,0.008498597855628454,0.9035533486394566,,,,108.1349983215332,,,,98.4000015258789
2017-05-11,105.0,106.8000030517578,102.5999984741211,104.4000015258789,22650,0,0.0,-0.022471923757490853,0.8832487666780051,,,,107.70000076293945,,,,100.8000030517578
2017-05-12,103.5,107.25,102.0,105.0,25067,0,0.0,0.005747111737085309,0.8883248960317464,,,,107.25,,,,96.5999984741211
2017-05-15,105.0,106.8000030517578,103.5,104.0999984741211,19383,0,0.0,-0.008571443103608578,0.8807106697278912,,,,106.3499984741211,,,,101.6999969482422
2017-05-16,104.4000015258789,105.0,99.3000030517578,102.3000030517578,46283,0,0.0,-0.017291022562413993,0.8654822816666675,,,,105.0,,,,103.1999969482422
2017-05-17,100.5,100.8000030517578,96.0,96.9000015258789,38967,0,0.0,-0.05278593709471158,0.8197969883900234,109.5450008392334,123.25843683571208,95.83156484275472,102.0,,,,108.3000030517578
2017-05-18,97.1999969482422,101.25,96.3000030517578,100.8000030517578,28350,0,0.0,0.040247693131741924,0.8527919260090712,108.67500114440918,122.28801768130839,95.06198460750997,102.0,,,,114.0
2017-05-19,100.5,101.0999984741211,95.0999984741211,95.6999969482422,30850,0,0.0,-0.050595297114196414,0.8096446651360544,107.53500099182129,121.48420109757438,93.5858008860682,101.54999923706055,,,,109.8000030517578
2017-05-22,95.4000015258789,98.0999984741211,93.9000015258789,98.0999984741211,30200,0,0.0,0.02507838665007367,0.8299492470975057,106.51500091552734,120.08195711592423,92.94804471513045,100.95000076293945,,,,111.9000015258789
2017-05-23,98.6999969482422,99.0,96.5999984741211,97.1999969482422,28367,0,0.0,-0.00917432762362691,0.8223350207936507,105.37500076293945,118.00764276186433,92.74235876401457,100.57500076293945,,,,108.3000030517578
2017-05-24,96.9000015258789,98.4000015258789,95.6999969482422,96.5999984741211,20217,0,0.0,-0.006172824001636545,0.8172588914399094,104.23500061035156,115.64229027358536,92.82771094711777,100.57500076293945,,,,104.6999969482422
2017-05-25,96.9000015258789,97.1999969482422,93.5999984741211,94.9499969482422,22433,0,0.0,-0.017080761407267775,0.8032994873072561,103.04250030517578,112.98807428315497,93.09692632719658,100.20000076293945,108.8849983215332,,,107.6999969482422
2017-05-26,94.5,96.5999984741211,91.8000030517578,93.0,35333,0,0.0,-0.02053709332192144,0.7868020507709753,102.17250022888183,112.43406855884544,91.91093189891822,98.4000015258789,107.98500061035156,,,103.1999969482422
2017-05-30,93.5999984741211,94.63200378417967,88.80000305175781,89.4000015258789,29917,0,0.0,-0.03870966101205475,0.7563452101020414,101.07750015258789,111.87523315330186,90.27976715187391,95.0250015258789,106.48500061035156,,,102.5999984741211
2017-05-31,89.4000015258789,93.5999984741211,88.5,92.0999984741211,31667,0,0.0,0.030201307630409957,0.7791878244671202,100.28250007629394,111.26620199779818,89.29879815478971,94.875,106.33499908447266,,,104.6999969482422
2017-06-01,93.0,98.5500030517578,92.8499984741211,98.0999984741211,41617,0,0.0,0.06514658088388492,0.8299492470975057,99.7275001525879,109.93929484871124,89.51570545646454,94.79999923706055,104.8499984741211,,,101.0999984741211
2017-06-02,98.0999984741211,101.6999969482422,97.8000030517578,100.8000030517578,49467,0,0.0,0.027522982870881174,0.852791926009071,99.65250015258789,109.80890364467454,89.49609666050124,95.0999984741211,104.25,,,102.9000015258789
2017-06-05,99.9000015258789,102.0,98.6999969482422,101.4000015258789,44867,0,0.0,0.005952365634483536,0.8578680553628125,99.4275001525879,109.2087853832468,89.64621492192899,95.25,101.3849983215332,,,102.9000015258789
2017-06-06,99.9000015258789,101.4000015258789,96.3000030517578,96.5999984741211,47250,0,0.0,-0.04733730749040255,0.8172588914399094,99.00750007629395,108.51003307649732,89.50496707609058,95.25,100.95000076293945,,,99.9000015258789
2017-06-07,96.9000015258789,97.5,90.5999984741211,96.3000030517578,38117,0,0.0,-0.003105542723622956,0.814720859036282,98.52750015258789,107.54100518829384,89.51399511688194,95.25,100.5,,,101.0999984741211
2017-06-08,96.9000015258789,98.6999969482422,95.4000015258789,96.3000030517578,20500,0,0.0,0.0,0.814720859036282,98.00250015258788,106.20586652724023,89.79913377793554,95.25,99.5999984741211,,,105.5999984741211
2017-06-09,97.1999969482422,99.0,94.9260025024414,96.3000030517578,29867,0,0.0,0.0,0.814720859036282,97.59750022888184,105.27491954920752,89.92008090855616,95.25,99.5999984741211,,,105.0
2017-06-12,96.5999984741211,99.4499969482422,95.5739974975586,96.3000030517578,36367,0,0.0,0.0,0.814720859036282,97.16250038146973,104.05006820235349,90.27493256058597,95.25,98.25,,,112.1999969482422
2017-06-13,96.3000030517578,98.6999969482422,95.4000015258789,97.8000030517578,16317,0,0.0,0.01557632349392346,0.8274112146938783,96.84750061035156,102.96210320914429,90.73289801155883,96.29999923706055,98.25,,,105.9000015258789
2017-06-14,97.8000030517578,101.0999984741211,97.1999969482422,99.0,30967,0,0.0,0.01226990706336828,0.837563473401361,96.68250045776367,102.35735891666285,91.00764199886449,96.29999923706055,98.25,,,109.5
2017-06-15,97.8000030517578,101.0999984741211,96.9000015258789,100.1999969482422,28650,0,0.0,0.012121181295375871,0.8477157321088435,96.84750022888184,102.72848721556612,90.96651324219756,96.29999923706055,98.25,,,116.0999984741211
2017-06-16,98.6999969482422,100.8000030517578,96.9000015258789,98.4000015258789,41000,0,0.0,-0.017964026718414683,0.8324873440476198,96.7275001525879,102.37165166288558,91.0833486422902,96.0,97.875,,,113.0999984741211
2017-06-19,99.0,101.4000015258789,98.4000015258789,100.8000030517578,30417,0,0.0,0.02439025903112113,0.8527919260090713,96.98250045776368,102.87600562073072,91.08899529479663,96.0,97.875,,,114.9000015258789
2017-06-20,100.5,102.7979965209961,96.0,96.5999984741211,35300,0,0.0,-0.041666710818253905,0.8172588914399095,96.90750045776367,102.7801271357169,91.03487377981045,98.86199951171875,97.6500015258789,,,111.3000030517578
2017-06-21,97.5,101.6999969482422,96.5999984741211,101.6999969482422,28817,0,0.0,0.05279501609399495,0.86040608776644,97.13250045776367,103.3702581880532,90.89474272747414,98.86199951171875,96.75,,,112.8000030517578
2017-06-22,101.4000015258789,104.0999984741211,100.8000030517578,103.1999969482422,29567,0,0.0,0.014749262979460998,0.8730964434240365,97.46250038146972,104.2341639626651,90.69083680027435,99.75,96.29999923706055,,,111.0
2017-06-23,102.5999984741211,108.5999984741211,101.0999984741211,108.3000030517578,210633,0,0.0,0.049418665255129834,0.9162437042970534,98.1300006866455,106.28627335977261,89.9737280135184,102.0,98.54999923706055,,,109.5
2017-06-26,109.1999969482422,116.4000015258789,108.3000030517578,114.0,55633,0,0.0,0.05263154928553515,0.964467029977325,99.18000068664551,109.55633501469389,88.80366635859714,106.20000076293945,102.45000076293945,,,105.3000030517578
2017-06-27,114.3000030517578,114.3000030517578,108.3000030517578,109.8000030517578,40817,0,0.0,-0.03684207849335264,0.9289340599546497,100.20000076293945,110.54049819713964,89.85950332873927,106.20000076293945,102.45000076293945,,,106.1999969482422
2017-06-28,110.6999969482422,112.5,108.0,111.9000015258789,29783,0,0.0,0.019125668631641224,0.9467005449659875,101.19000091552735,112.02395816570682,90.35604366534788,106.20000076293945,102.45000076293945,,,107.4000015258789
2017-06-29,111.5999984741211,112.8000030517578,106.52999877929688,108.3000030517578,23283,0,0.0,-0.032171567694648684,0.9162437042970535,101.70000114440919,112.86303923369445,90.53696305512392,106.20000076293945,102.45000076293945,,,107.6999969482422
2017-06-30,108.3000030517578,108.3000030517578,103.5,104.6999969482422,30317,0,0.0,-0.033241052650710534,0.885786799081633,101.8950008392334,113.1251202581219,90.66488142034491,106.20000076293945,102.45000076293945,,,104.6999969482422
2017-07-03,106.1999969482422,109.8000030517578,104.4000015258789,107.6999969482422,12800,0,0.0,0.0286532959641157,0.9111675103968258,102.21000061035156,113.7199169089995,90.70008431170362,106.5,102.45000076293945,104.54249954223633,,102.0
2017-07-05,107.0999984741211,109.1999969482422,102.9000015258789,103.1999969482422,56483,0,0.0,-0.04178273098895802,0.8730964434240366,102.54000053405761,113.75929806055143,91.3207030075638,108.60000228881836,102.45000076293945,103.19250106811523,,99.3000030517578
2017-07-06,101.6999969482422,105.3000030517578,101.4000015258789,102.5999984741211,29583,0,0.0,-0.005813938874649649,0.8680203140702952,102.85500030517578,113.69932388459436,92.0106767257572,108.75,102.45000076293945,100.75500106811523,,102.5999984741211
2017-07-07,102.5999984741211,105.3000030517578,102.5999984741211,104.6999969482422,24983,0,0.0,0.02046782168959571,0.8857867990816329,103.275,113.709874743263,92.84012525673701,108.9000015258789,103.5,100.60499954223633,,102.5999984741211
2017-07-10,103.5,103.8000030517578,101.0999984741211,101.0999984741211,18667,0,0.0,-0.03438394058311911,0.8553299584126988,103.51499977111817,113.50367022036302,93.52632932187332,107.70000076293945,103.5,99.82499885559082,,99.9000015258789
2017-07-11,101.0999984741211,103.8000030517578,101.0999984741211,102.9000015258789,24350,0,0.0,0.01780418475692236,0.8705584110204092,103.84499969482422,113.27285365994683,94.41714572970162,106.95000076293945,103.5,99.67499923706055,,99.9000015258789
2017-07-12,104.4000015258789,104.4000015258789,99.9000015258789,102.9000015258789,30817,0,0.0,0.0,0.8705584110204092,104.09999961853028,113.12295024974483,95.07704898731572,106.35000228881836,103.5,98.3174991607666,,99.0
2017-07-13,103.1999969482422,103.5,99.0,99.9000015258789,23250,0,0.0,-0.029154518518112127,0.8451776997052164,104.14499969482422,113.07322018070163,95.21677920894682,104.4000015258789,103.5,98.10000038146973,,99.5999984741211
2017-07-14,100.5,102.9000015258789,99.9000015258789,101.0999984741211,19750,0,0.0,0.01201198128041403,0.8553299584126989,104.18999977111817,113.04623799541979,95.33376154681655,104.4000015258789,105.66300201416016,97.875,,98.4000015258789
2017-07-17,101.0999984741211,106.8000030517578,100.83000183105467,105.5999984741211,46233,0,0.0,0.0445103864284615,0.893401025385488,104.54999961853028,113.00769652377298,96.09230271328758,104.0999984741211,105.66300201416016,97.42499923706055,,105.3000030517578
2017-07-18,105.0,106.5,103.1999969482422,105.0,38550,0,0.0,-0.0056818038143071625,0.8883248960317468,104.75999946594239,113.03961088524737,96.4803880466374,102.9000015258789,105.9000015258789,97.42499923706055,,117.0
2017-07-19,105.5999984741211,114.0,104.6999969482422,112.1999969482422,42183,0,0.0,0.0685713995070687,0.9492385773696149,105.53999938964844,113.5287866070123,97.5512121722846,106.5,105.9000015258789,96.75,,113.6999969482422
2017-07-20,110.4000015258789,111.5999984741211,105.3000030517578,105.9000015258789,36833,0,0.0,-0.056149693348650276,0.895939122335602,105.74999961853027,113.54019761809093,97.9598016189696,106.5,106.20000076293945,97.27499961853027,,114.9000015258789
2017-07-21,108.0,111.3000030517578,104.4000015258789,109.5,35800,0,0.0,0.03399431937913011,0.926395963004536,106.06499977111817,113.92721890563166,98.20278063660467,106.5,106.20000076293945,97.27499961853027,,118.8000030517578
2017-07-24,109.8000030517578,117.0,108.0,116.0999984741211,48900,0,0.0,0.06027395866777252,0.9822335149886627,106.45499954223632,115.42997406043811,97.48002502403453,108.0,106.5,97.27499961853027,,120.9000015258789
2017-07-25,114.0,118.5,112.5,113.0999984741211,28317,0,0.0,-0.025839793621260987,0.9568528036734699,106.40999946594238,115.23948489068343,97.58051404120133,108.75,107.25,96.9375,,117.9000015258789
2017-07-26,113.4000015258789,118.5,111.5999984741211,114.9000015258789,27167,0,0.0,0.01591514656094084,0.9720812562811804,106.66499938964844,116.14904512976591,97.18095364953098,109.20000076293945,107.25,96.9375,,114.0
2017-07-27,114.0,119.6999969482422,109.83000183105467,111.3000030517578,29100,0,0.0,-0.031331578993149756,0.9416244156122463,106.63499946594239,116.05551540123543,97.21448353064935,110.26499938964844,108.14999771118164,98.25600051879883,,116.4000015258789
2017-07-28,102.0,113.6999969482422,102.0,112.8000030517578,28033,0,0.0,0.013477088579255891,0.9543147712698427,106.85999946594238,116.64087653680853,97.07912239507623,110.8499984741211,109.3499984741211,97.80599975585938,,118.8000030517578
2017-07-31,111.0,116.6999969482422,110.4000015258789,111.0,38950,0,0.0,-0.0159574734313781,0.9390863186621324,107.17499961853028,117.06370130610524,97.28629793095531,110.8499984741211,109.3499984741211,98.02499961853027,,117.0
2017-08-01,112.1999969482422,112.1999969482422,106.5,109.5,22967,0,0.0,-0.013513513513513487,0.9263959630045361,107.26499977111817,117.20436087662155,97.32563866561479,110.8499984741211,109.3499984741211,100.27499961853027,,125.6999969482422
2017-08-02,109.8000030517578,110.6999969482422,105.0,105.3000030517578,23500,0,0.0,-0.03835613651362746,0.8908629929818607,107.37000007629395,117.17744539070549,97.56255476188241,110.8499984741211,109.3499984741211,104.32500076293945,,119.6999969482422
2017-08-03,105.9000015258789,108.0,104.6999969482422,106.1999969482422,29983,0,0.0,0.00854695033619346,0.8984771547392293,107.55,117.12764812527443,97.97235187472556,110.8499984741211,109.3499984741211,104.32500076293945,,121.5
2017-08-04,106.1999969482422,107.6999969482422,104.4000015258789,107.4000015258789,17650,0,0.0,0.011299478456873624,0.9086294779931983,107.68500022888183,117.17288233987098,98.19711811789269,110.8499984741211,109.3499984741211,104.32500076293945,,110.0999984741211
2017-08-07,108.0,111.5999984741211,106.8000030517578,107.6999969482422,39400,0,0.0,0.002793253427384901,0.9111675103968258,108.01500015258789,117.00456042167409,99.02543988350169,110.8499984741211,109.3499984741211,104.32500076293945,,109.1999969482422
2017-08-08,105.9000015258789,112.8000030517578,103.8000030517578,104.6999969482422,51333,0,0.0,-0.027855153992638604,0.885786799081633,108.10499992370606,116.92040821633225,99.28959163107987,110.8499984741211,109.3499984741211,104.32500076293945,,108.3000030517578
2017-08-09,104.0999984741211,105.9000015258789,100.8000030517578,102.0,30500,0,0.0,-0.02578793722006434,0.8629441847165541,108.05999984741212,116.99091942496821,99.12908026985602,108.75,109.3499984741211,104.47500038146973,106.33499908447266,110.0999984741211
2017-08-10,100.1999969482422,100.7699966430664,95.6999969482422,99.3000030517578,51717,0,0.0,-0.026470558316100012,0.8401015703514751,108.02999992370606,117.07490494438755,98.98509490302456,106.1999969482422,107.6999969482422,105.5250015258789,106.33499908447266,117.0
2017-08-11,99.9000015258789,103.5,98.4000015258789,102.5999984741211,37583,0,0.0,0.03323258127840378,0.8680203140702952,108.10499992370606,116.93896657498917,99.27103327242295,104.25,107.6999969482422,105.60000038146973,106.33499908447266,117.5999984741211
2017-08-14,103.5,103.8000030517578,101.4000015258789,102.5999984741211,31383,0,0.0,0.0,0.8680203140702952,107.95499992370605,117.05481290771846,98.85518693969365,104.25,107.6999969482422,106.20000076293945,106.33499908447266,131.10000610351562
2017-08-15,102.5999984741211,102.5999984741211,99.0,99.9000015258789,24950,0,0.0,-0.026315760120827036,0.8451776997052164,107.7,117.3900353508186,98.00996464918141,104.25,107.6999969482422,105.60000038146973,104.8499984741211,129.60000610351562
2017-08-16,99.9000015258789,102.0,99.0,99.9000015258789,20600,0,0.0,0.0,0.8451776997052164,107.08500022888184,117.11366890633533,97.05633155142834,104.25,107.6999969482422,105.22500038146973,104.25,16.049999237060547
2017-08-17,99.3000030517578,102.0,98.4000015258789,99.0,34933,0,0.0,-0.009009024145467781,0.8375634734013612,106.7400001525879,117.37134672121373,96.10865358396207,104.25,107.6999969482422,104.92500114440918,102.45000076293945,14.699999809265137
2017-08-18,97.5,100.8000030517578,96.3000030517578,99.5999984741211,24817,0,0.0,0.006060590647687825,0.8426396027551024,106.24500007629395,117.23599843929026,95.25400171329764,104.25,107.6999969482422,103.95000076293945,102.45000076293945,16.799999237060547
2017-08-21,98.6999969482422,99.9000015258789,97.5,98.4000015258789,20333,0,0.0,-0.012048162315524302,0.83248734404762,105.36000022888183,115.86911798338714,94.85088247437652,100.79999923706055,107.6999969482422,105.03150177001953,102.45000076293945,15.149999618530272
2017-08-22,99.3000030517578,105.9000015258789,97.1999969482422,105.3000030517578,41950,0,0.0,0.07012196563903728,0.8908629929818607,104.97000045776367,114.85506715016314,95.08493376536421,100.79999923706055,107.6999969482422,104.88150024414062,102.45000076293945,15.300000190734863
2017-08-23,106.5,117.9000015258789,105.9000015258789,117.0,79717,0,0.0,0.11111107890938365,0.9898477412925178,105.07500038146972,115.41879678567139,94.73120397726805,107.10000228881836,107.6999969482422,104.4000015258789,102.45000076293945,14.699999809265137
2017-08-24,119.4000015258789,119.4000015258789,111.3000030517578,113.6999969482422,81900,0,0.0,-0.02820515428852821,0.9619289330272113,105.19500007629395,115.87872170900823,94.51127844357967,107.85000228881836,107.6999969482422,106.20000076293945,102.45000076293945,15.600000381469728
2017-08-25,117.0,117.5999984741211,113.0999984741211,114.9000015258789,44667,0,0.0,0.010554130253697114,0.9720812562811804,105.3,116.32030450157819,94.2796954984218,107.85000228881836,107.6999969482422,106.35000038146973,102.45000076293945,15.899999618530272
2017-08-28,116.0999984741211,120.0,115.8000030517578,118.8000030517578,48267,0,0.0,0.03394257157603686,1.0050761939002282,105.69000015258788,117.9827607329506,93.39723957222517,108.1500015258789,107.8499984741211,106.35000038146973,102.45000076293945,15.600000381469728
2017-08-29,117.5999984741211,122.0999984741211,115.8000030517578,120.9000015258789,51283,0,0.0,0.017676754378585402,1.0228426789115659,106.26000022888184,120.17540475106765,92.34459570669603,109.20000076293945,108.89999771118164,107.25,102.75,16.5
2017-08-30,120.5999984741211,121.1999969482422,117.3000030517578,117.9000015258789,69117,0,0.0,-0.024813895468461578,0.9974619675963731,106.89000015258789,121.69681424807138,92.0831860571044,109.20000076293945,108.89999771118164,108.0,103.5,15.899999618530272
2017-08-31,118.1999969482422,119.4000015258789,111.9000015258789,114.0,74050,0,0.0,-0.033078892921157954,0.9644670299773251,107.28000030517578,122.40453406821759,92.15546654213396,109.64999771118164,108.89999771118164,108.22500038146973,103.5,15.300000190734863
2017-09-01,114.5999984741211,120.0,113.08200073242188,116.4000015258789,72200,0,0.0,0.021052644963849954,0.9847716119387766,107.73000030517578,123.37438381029317,92.08561680005839,109.64999771118164,108.89999771118164,109.20749855041504,104.0999984741211,15.300000190734863
2017-09-05,116.0999984741211,119.5500030517578,114.5999984741211,118.8000030517578,79033,0,0.0,0.020618569539668785,1.005076193900228,108.28500061035156,124.6642028116244,91.90579840907871,114.0,108.89999771118164,110.0999984741211,104.0999984741211,15.899999618530272
2017-09-06,120.0,121.1999969482422,116.4000015258789,117.0,90833,0,0.0,-0.015151540450496381,0.9898477412925177,108.90000076293946,125.61845607010257,92.18154545577634,116.70000076293945,108.89999771118164,110.0999984741211,104.0999984741211,16.200000762939453
2017-09-07,117.5999984741211,128.39999389648438,117.3000030517578,125.6999969482422,116683,0,0.0,0.07435894827557443,1.0634517782879822,110.08500061035156,128.0089523847974,92.16104883590573,120.14999771118164,112.04999542236328,110.0999984741211,104.0999984741211,15.600000381469728
2017-09-08,128.6999969482422,128.71800231933594,118.8000030517578,119.6999969482422,69433,0,0.0,-0.047732698056234146,1.0126903556575968,111.10500030517578,128.77517373988508,93.43482687046648,120.30900192260742,112.20899963378906,110.0999984741211,104.0999984741211,15.300000190734863
2017-09-11,121.5,123.0,117.3000030517578,121.5,94383,0,0.0,0.01503761986339991,1.027918808265307,112.05000038146973,129.82206346216162,94.27793730077785,120.30900192260742,112.20899963378906,110.0999984741211,104.0999984741211,15.600000381469728
2017-09-12,120.3000030517578,120.3000030517578,109.1999969482422,110.0999984741211,121833,0,0.0,-0.09382717305250132,0.9314720923582771,112.42500038146973,129.68739773712883,95.16260302581061,118.95899963378906,112.20899963378906,110.0999984741211,104.0999984741211,15.449999809265137
2017-09-13,117.0,117.0,108.5999984741211,109.1999969482422,85300,0,0.0,-0.008174400893297351,0.9238578660544221,112.89000015258789,129.2454366206921,96.5345636844837,118.65900039672852,112.20899963378906,110.0999984741211,104.0999984741211,16.5
2017-09-14,109.5,109.8000030517578,105.33000183105467,108.3000030517578,78050,0,0.0,-0.008241702579084964,0.9162437042970535,113.31000022888183,128.70250669191688,97.91749376584679,117.02400207519531,112.20899963378906,110.0999984741211,104.0999984741211,15.899999618530272
2017-09-15,108.5999984741211,111.3000030517578,105.3000030517578,110.0999984741211,391017,0,0.0,0.01662045587850125,0.9314720923582772,113.8650001525879,127.87797545876033,99.85202484641546,117.00900268554688,112.20899963378906,109.04999923706055,104.0999984741211,15.600000381469728
2017-09-18,111.3000030517578,117.0,109.1999969482422,117.0,172133,0,0.0,0.0626703144550973,0.9898477412925178,114.73500022888183,127.15056724830131,102.31943320946235,117.00900268554688,112.50900268554688,106.9499969482422,104.0999984741211,14.699999809265137
2017-09-19,118.5,119.6999969482422,114.5999984741211,117.5999984741211,141333,0,0.0,0.005128192086505168,0.9949238706462592,115.69500007629395,125.60098338496809,105.78901676761981,117.00900268554688,112.50900268554688,105.9749984741211,104.0999984741211,14.399999618530272
2017-09-20,117.0,132.60000610351562,116.6999969482422,131.10000610351562,148067,0,0.0,0.11479598473264718,1.1091371361111133,116.98500022888183,127.82630507192755,106.14369538583611,118.95000457763672,114.45000457763672,105.9749984741211,105.14999771118164,13.800000190734863
2017-09-21,129.0,132.0,126.9000015258789,129.60000610351562,607750,0,0.0,-0.011441647064574623,1.096446780453517,117.61500053405761,129.78483896911044,105.44516209900479,118.95000457763672,114.45000457763672,105.9749984741211,105.14999771118164,11.399999618530272
2017-09-22,19.200000762939453,19.5,15.600000381469728,16.049999237060547,6684033,0,0.0,-0.8761574191266557,0.1357867990816327,112.73250064849853,158.9307923044708,66.53420899252626,74.10000324249268,74.10000324249268,105.9749984741211,105.14999771118164,11.25
2017-09-25,16.5,16.5,14.100000381469728,14.699999809265137,2078983,0,0.0,-0.0841121178796177,0.12436548383078243,107.72250056266785,170.76969422770617,44.67530689762954,73.35000324249268,73.35000324249268,105.9749984741211,105.14999771118164,10.800000190734863
2017-09-26,14.699999809265137,17.100000381469727,14.399999618530272,16.799999237060547,1452150,0,0.0,0.14285710578525457,0.1421319769104309,102.62250037193299,176.89523550557578,28.34976523829019,73.35000324249268,73.35000324249268,105.9749984741211,105.14999771118164,10.800000190734863
2017-09-27,16.799999237060547,17.399999618530273,15.0,15.149999618530272,1007967,0,0.0,-0.09821426746796513,0.1281725889143992,97.33500027656555,180.29812319278315,14.371877360347952,73.35000324249268,73.35000324249268,104.24999809265137,107.3129997253418,10.800000190734863
2017-09-28,15.300000190734863,15.600000381469728,15.0,15.300000190734863,307217,0,0.0,0.00990102811759308,0.12944162932114536,92.20500020980835,181.9358910518124,2.4741093678042745,73.35000324249268,73.35000324249268,104.24999809265137,107.3129997253418,11.100000381469728
2017-09-29,15.300000190734863,15.449999809265137,14.100000381469728,14.699999809265137,514500,0,0.0,-0.03921571071829566,0.12436548383078247,87.24000020027161,182.47896909504954,-7.998968694506317,73.35000324249268,73.35000324249268,107.39999961853027,107.54999923706055,10.5
2017-10-02,15.0,15.899999618530272,14.399999618530272,15.600000381469728,457483,0,0.0,0.06122452951579893,0.13197970206632684,82.20000014305114,181.36407903010158,-16.964078743999295,73.35000324249268,73.35000324249268,107.77499961853027,107.54999923706055,10.350000381469728
2017-10-03,15.600000381469728,15.899999618530272,15.300000190734863,15.899999618530272,286500,0,0.0,0.019230719854141487,0.13451776674319743,77.05499997138978,178.76236730210508,-24.652367359325538,73.05000019073486,73.35000324249268,107.77499961853027,107.6999969482422,9.899999618530272
2017-10-04,15.600000381469728,15.899999618530272,15.300000190734863,15.600000381469728,296200,0,0.0,-0.018867876997362698,0.13197970206632686,71.98499999046325,175.3360602033959,-31.3660602224694,16.800000190734863,73.35000324249268,108.0,107.8499984741211,11.100000381469728
2017-10-05,15.899999618530272,18.299999237060547,15.600000381469728,16.5,1223267,0,0.0,0.05769228182835984,0.13959391223356035,66.52500014305114,169.4811552562832,-36.4311549701809,16.199999809265137,73.35000324249268,109.04999923706055,108.89999771118164,10.649999618530272
2017-10-06,16.799999237060547,16.799999237060547,15.600000381469728,15.899999618530272,354783,0,0.0,-0.03636365948301379,0.13451776674319746,61.33500027656555,163.49922352182813,-40.829222968697024,16.199999809265137,73.35000324249268,109.04999923706055,108.89999771118164,11.399999618530272
2017-10-09,15.899999618530272,16.5,15.149999618530272,15.300000190734863,326167,0,0.0,-0.03773581397424397,0.12944162932114542,56.0250002861023,156.12546327363083,-44.07546270142625,16.199999809265137,73.35000324249268,109.27499771118164,108.89999771118164,10.5
2017-10-10,15.300000190734863,15.899999618530272,15.0,15.300000190734863,335083,0,0.0,0.0,0.12944162932114542,51.28500037193298,149.63824910483683,-47.06824836097087,16.199999809265137,73.35000324249268,109.27499771118164,108.89999771118164,10.199999809265137
2017-10-11,15.300000190734863,16.200000762939453,15.0,15.899999618530272,246450,0,0.0,0.03921564838664171,0.13451776674319746,46.62000050544738,142.32970531623596,-49.089704305341186,16.199999809265137,73.35000324249268,111.44999885559082,108.89999771118164,11.100000381469728
2017-10-12,15.899999618530272,16.5,15.600000381469728,16.200000762939453,256933,0,0.0,0.018867996956399402,0.13705584755668976,42.01500039100647,134.1696640163599,-50.139663234346955,16.34999942779541,73.35000324249268,112.79999923706055,108.89999771118164,10.949999809265137
2017-10-13,15.899999618530272,16.200000762939453,15.600000381469728,15.600000381469728,116183,0,0.0,-0.03703705884028963,0.13197970206632686,37.2900004863739,124.50248362233336,-49.92248264958556,16.649999618530273,73.35000324249268,116.09999656677246,112.04999542236328,10.800000190734863
2017-10-16,15.600000381469728,15.899999618530272,15.300000190734863,15.300000190734863,121250,0,0.0,-0.019230780987109286,0.1294416293211454,32.205000495910646,111.66932442271255,-47.259323430891264,16.649999618530273,73.35000324249268,116.25900077819824,112.20899963378906,10.949999809265137
2017-10-17,15.300000190734863,15.600000381469728,15.300000190734863,15.600000381469728,123900,0,0.0,0.019607855359147885,0.13197970206632684,27.105000591278078,96.32003703704152,-42.11003585448537,16.649999618530273,73.35000324249268,116.25900077819824,112.20899963378906,11.100000381469728
2017-10-18,15.600000381469728,15.600000381469728,15.300000190734863,15.449999809265137,162583,0,0.0,-0.009615421060038432,0.13071066165958067,21.322500276565552,71.28550404841322,-28.640503495282115,15.899999618530273,73.35000324249268,115.58399963378906,112.20899963378906,11.550000190734863
2017-10-19,15.300000190734863,16.530000686645508,15.0,16.5,474333,0,0.0,0.06796117823284331,0.13959391223356032,15.66749997138977,16.76950971734782,14.56549022543172,15.765000343322754,73.35000324249268,115.43400001525879,112.20899963378906,11.550000190734863
2017-10-20,16.5,16.5,15.899999618530272,15.899999618530272,155400,0,0.0,-0.03636365948301379,0.13451776674319743,15.659999990463257,16.753410306696498,14.566589674230018,15.765000343322754,73.35000324249268,114.61650085449219,112.20899963378906,12.0
2017-10-23,15.899999618530272,16.200000762939453,15.300000190734863,15.600000381469728,256033,0,0.0,-0.018867876997362698,0.13197970206632686,15.705000019073486,16.705873347161422,14.704126690985552,15.765000343322754,73.35000324249268,114.60900115966797,112.20899963378906,11.699999809265137
2017-10-24,15.899999618530272,16.049999237060547,14.699999809265137,14.699999809265137,224900,0,0.0,-0.057692342961327525,0.12436548383078251,15.600000047683716,16.558619516105605,14.64138057926183,15.615000247955322,73.35000324249268,114.75900268554688,112.20899963378906,11.699999809265137
2017-10-25,15.0,15.300000190734863,14.100000381469728,14.399999618530272,297967,0,0.0,-0.020408176505266384,0.12182741108560105,15.562500047683717,16.64114471119891,14.483855384168525,15.315000534057617,73.35000324249268,114.75900268554688,112.20899963378906,13.5
2017-10-26,14.399999618530272,14.399999618530272,13.800000190734863,13.800000190734863,203517,0,0.0,-0.04166662803402543,0.11675127366354901,15.487500047683715,16.812218294665264,14.162781800702165,15.165000438690186,72.90000009536743,116.70000457763672,114.1500015258789,12.149999618530272
2017-10-27,12.300000190734863,12.600000381469728,11.399999618530272,11.399999618530272,602883,0,0.0,-0.17391308253864524,0.09644669977040825,15.322500038146973,17.535531905079004,13.109468171214942,13.96500015258789,15.449999809265137,116.70000457763672,114.1500015258789,12.149999618530272
2017-10-30,11.100000381469728,11.699999809265137,11.100000381469728,11.25,180867,0,0.0,-0.013157861714876984,0.09517766743197296,15.105000019073486,17.941196045084247,12.268803993062726,13.815000534057617,14.699999809265137,74.10000324249268,74.10000324249268,14.100000381469728
2017-10-31,11.100000381469728,11.399999618530272,10.199999809265137,10.800000190734863,328317,0,0.0,-0.03999998304578989,0.09137056234835622,14.850000047683716,18.226455903279664,11.473544192087768,13.365000247955322,14.249999523162842,73.35000324249268,73.35000324249268,13.5
2017-11-01,10.800000190734863,11.100000381469728,10.5,10.800000190734863,138100,0,0.0,0.0,0.09137056234835622,14.610000038146973,18.400806387756404,10.819193688537542,13.349999904632568,14.249999523162842,73.35000324249268,73.35000324249268,13.5
2017-11-02,10.800000190734863,11.100000381469728,10.199999809265137,10.800000190734863,173467,0,0.0,0.0,0.09137056234835622,14.325000047683716,18.356689196946885,10.293310898420547,13.200000286102295,14.249999523162842,73.35000324249268,73.35000324249268,12.75
2017-11-03,10.800000190734863,11.100000381469728,10.5,11.100000381469728,64750,0,0.0,0.02777779494783994,0.09390863509353768,14.08500008583069,18.282968125996558,9.88703204566482,13.124999523162842,14.249999523162842,73.35000324249268,73.35000324249268,11.850000381469728
2017-11-06,11.100000381469728,11.699999809265137,10.5,10.5,239517,0,0.0,-0.05405408656303878,0.08883248960317477,13.845000076293946,18.28235524571387,9.407644906874022,12.75,14.249999523162842,73.35000324249268,73.35000324249268,11.699999809265137
2017-11-07,10.5,10.800000190734863,10.199999809265137,10.350000381469728,167533,0,0.0,-0.01428567795526392,0.08756345726473949,13.597500085830688,18.232596885935642,8.962403285725737,12.299999713897705,14.249999523162842,73.35000324249268,73.35000324249268,11.699999809265137
2017-11-08,10.5,10.5,9.600000381469728,9.899999618530272,158350,0,0.0,-0.04347833298104242,0.08375634411281187,13.297500085830688,18.073744250678985,8.52125592098239,11.100000381469728,13.949999809265137,73.20000171661377,73.35000324249268,11.699999809265137
2017-11-09,10.199999809265137,11.100000381469728,9.899999618530272,11.100000381469728,210983,0,0.0,0.12121220294729729,0.09390863509353768,13.042500066757203,17.713965314654587,8.371034818859819,10.650000095367432,13.949999809265137,45.07500171661377,73.35000324249268,12.0
2017-11-10,11.100000381469728,11.399999618530272,10.5,10.649999618530272,172317,0,0.0,-0.04054060788058034,0.09010152194161007,12.795000028610229,17.422066265714474,8.167933791505984,10.650000095367432,13.199999809265137,44.775001525878906,73.35000324249268,12.0
2017-11-13,10.5,11.850000381469728,10.5,11.399999618530272,220850,0,0.0,0.0704225377337151,0.09644669977040826,12.6,17.11449871616066,8.085501283839339,10.725000381469728,13.065000534057617,44.775001525878906,73.35000324249268,12.600000381469728
2017-11-14,11.399999618530272,11.699999809265137,10.5,10.5,119467,0,0.0,-0.07894733760055184,0.08883248960317477,12.344999980926513,16.725605083120588,7.964394878732438,10.725000381469728,13.065000534057617,44.775001525878906,73.35000324249268,12.600000381469728
2017-11-15,10.5,10.5600004196167,10.199999809265137,10.199999809265137,94150,0,0.0,-0.028571446736653683,0.08629441685799333,12.082499980926514,16.312396446564275,7.852603515288752,10.725000381469728,13.065000534057617,44.775001525878906,73.35000324249268,12.300000190734863
2017-11-16,10.199999809265137,11.399999618530272,10.199999809265137,11.100000381469728,128233,0,0.0,0.08823535186609299,0.09390863509353768,11.8125,15.533631435256796,8.091368564743204,10.725000381469728,13.065000534057617,44.775001525878906,73.35000324249268,12.300000190734863
2017-11-17,10.800000190734863,11.399999618530272,10.5,10.949999809265137,118400,0,0.0,-0.013513564599060834,0.09263959468679153,11.565000009536742,14.785467411192457,8.344532607881028,10.725000381469728,13.065000534057617,44.85000133514404,73.35000324249268,12.75
2017-11-20,10.800000190734863,11.100000381469728,10.5,10.800000190734863,93450,0,0.0,-0.013698595538180203,0.09137056234835622,11.325,13.964113743486545,8.685886256513454,10.725000381469728,13.065000534057617,45.000001430511475,73.35000324249268,13.199999809265137
2017-11-21,10.800000190734863,11.399999618530272,10.800000190734863,10.949999809265137,145267,0,0.0,0.013888853322332029,0.09263959468679153,11.1375,13.270133486481566,9.004866513518433,10.875,13.065000534057617,45.000001430511475,73.35000324249268,13.199999809265137
2017-11-22,10.800000190734863,11.399999618530272,10.800000190734863,11.100000381469728,132933,0,0.0,0.013698682631726689,0.09390863509353768,10.972500038146972,12.484529301734739,9.460470774559205,11.025000095367432,13.065000534057617,45.000001430511475,73.35000324249268,13.800000190734863
2017-11-24,11.100000381469728,12.0,11.100000381469728,11.550000190734863,118717,0,0.0,0.04054052196397784,0.09771574017715443,10.860000038146973,11.68826873810122,10.031731338192726,11.099999904632568,13.065000534057617,44.625001430511475,73.35000324249268,13.649999618530272
2017-11-27,11.699999809265137,12.029999732971191,11.399999618530272,11.550000190734863,96583,0,0.0,0.0,0.09771574017715443,10.867500066757202,11.717856266552346,10.017143866962058,11.114999771118164,13.050000190734863,44.557501792907715,73.35000324249268,13.5
2017-11-28,11.399999618530272,12.0,11.25,12.0,94000,0,0.0,0.0389610218038019,0.10152284526077118,10.905000066757202,11.878219906675147,9.931780226839257,11.114999771118164,12.90000057220459,44.557501792907715,73.35000324249268,13.649999618530272
2017-11-29,11.699999809265137,12.600000381469728,11.399999618530272,11.699999809265137,177167,0,0.0,-0.025000015894571903,0.09898477251558974,10.950000047683716,11.981759600927774,9.918240494439658,11.400000095367432,12.824999809265137,44.557501792907715,73.35000324249268,12.300000190734863
2017-11-30,12.0,12.300000190734863,11.699999809265137,11.699999809265137,109800,0,0.0,0.0,0.09898477251558974,10.99500002861023,12.074593174719295,9.915406882501165,11.550000190734863,12.450000286102295,44.482501745224,73.35000324249268,12.449999809265137
2017-12-01,11.699999809265137,14.100000381469728,11.399999618530272,13.5,431850,0,0.0,0.15384617265629852,0.11421320091836759,11.130000019073487,12.663909742476847,9.596090295670127,12.300000190734863,12.0,44.33250188827515,73.35000324249268,12.600000381469728
2017-12-04,13.5,14.100000381469728,12.0,12.149999618530272,288850,0,0.0,-0.10000002825701693,0.10279187759920648,11.182499980926513,12.779969591933883,9.585030369919144,12.450000286102295,11.850000381469728,44.03250026702881,73.20000314712524,12.449999809265137
2017-12-05,12.300000190734863,12.600000381469728,12.0,12.149999618530272,151583,0,0.0,0.0,0.10279187759920648,11.264999961853027,12.883476279935689,9.646523643770365,12.450000286102295,11.850000381469728,14.707499980926514,72.00000286102295,12.899999618530272
2017-12-06,13.800000190734863,14.399999618530272,12.899999618530272,14.100000381469728,468617,0,0.0,0.16049389499284117,0.11928934640873051,11.452499961853027,13.43569585872049,9.469304064985565,12.75,12.0,14.257500171661377,71.85000324249268,12.75
2017-12-07,14.399999618530272,14.699999809265137,13.050000190734863,13.5,338333,0,0.0,-0.042553217392692466,0.1142132009183676,11.632499980926514,13.67268345718302,9.59231650467001,12.974999904632568,12.150000095367432,13.807499885559082,71.40000295639038,12.300000190734863
2017-12-08,13.5,13.800000190734863,13.199999809265137,13.5,112933,0,0.0,0.0,0.1142132009183676,11.752499961853028,13.932392904457698,9.572607019248357,12.974999904632568,12.150000095367432,13.799999713897705,71.40000295639038,12.300000190734863
2017-12-11,13.199999809265137,13.800000190734863,12.600000381469728,12.75,217383,0,0.0,-0.05555555555555558,0.1078680230895694,11.857499980926514,14.016844216904211,9.698155744948817,13.049999713897705,12.150000095367432,13.724999904632568,71.40000295639038,12.899999618530272
2017-12-12,12.600000381469728,12.899999618530272,11.699999809265137,11.850000381469728,212533,0,0.0,-0.07058820537492327,0.10025381292233591,11.880000019073487,14.029049143328136,9.730950894818838,13.049999713897705,12.150000095367432,13.687499523162842,71.40000295639038,12.75
2017-12-13,11.699999809265137,12.0,11.100000381469728,11.699999809265137,193517,0,0.0,-0.012658275727919222,0.09898477251558975,11.940000009536742,13.995567038575937,9.884432980497548,12.900000095367432,12.150000095367432,13.499999761581421,71.40000295639038,12.899999618530272
2017-12-14,11.699999809265137,12.300000190734863,11.399999618530272,11.699999809265137,152983,0,0.0,0.0,0.09898477251558975,12.015000009536744,13.912921671977777,10.11707834709571,12.900000095367432,12.150000095367432,13.274999618530273,71.40000295639038,12.75
2017-12-15,11.399999618530272,12.300000190734863,11.399999618530272,11.699999809265137,355967,0,0.0,0.0,0.09898477251558975,12.044999980926514,13.902216060096471,10.187783901756557,12.900000095367432,12.299999713897705,12.525000095367432,71.10000324249268,12.899999618530272
2017-12-18,11.699999809265137,12.600000381469728,11.699999809265137,12.0,167600,0,0.0,0.025641042361154165,0.1015228452607712,12.097499990463257,13.885259758883885,10.30974022204263,12.900000095367432,12.449999809265137,12.299999952316284,71.10000324249268,12.600000381469728
2017-12-19,12.0,12.899999618530272,11.729999542236328,12.0,153683,0,0.0,0.0,0.1015228452607712,12.157499980926513,13.843638254574696,10.47136170727833,12.900000095367432,12.449999809265137,11.924999952316284,71.10000324249268,12.300000190734863
2017-12-20,12.0,12.600000381469728,12.0,12.600000381469728,153300,0,0.0,0.05000003178914403,0.1065989907511341,12.240000009536743,13.840101737978017,10.63989828109547,12.450000286102295,12.449999809265137,11.895000457763672,71.10000324249268,12.300000190734863
2017-12-21,12.600000381469728,12.899999618530272,12.300000190734863,12.600000381469728,105083,0,0.0,0.0,0.1065989907511341,12.315000009536742,13.83191060906576,10.798089410007725,12.450000286102295,12.449999809265137,11.895000457763672,71.10000324249268,12.0
2017-12-22,12.600000381469728,12.899999618530272,12.300000190734863,12.300000190734863,108817,0,0.0,-0.023809538226368776,0.10406091800595264,12.352500009536744,13.8279831171545,10.877016901918989,12.0,12.449999809265137,11.895000457763672,71.10000324249268,11.850000381469728
2017-12-26,12.300000190734863,12.600000381469728,12.300000190734863,12.300000190734863,66750,0,0.0,0.0,0.10406091800595264,12.390000009536744,13.818884146502533,10.961115872570954,12.0,12.599999904632568,11.895000457763672,71.10000324249268,10.800000190734863
2017-12-27,12.300000190734863,13.170000076293944,12.300000190734863,12.75,329100,0,0.0,0.03658534977943373,0.1078680230895694,12.427500009536743,13.852797884324618,11.002202134748869,12.284999847412108,12.599999904632568,11.895000457763672,71.10000324249268,10.949999809265137
2017-12-28,12.899999618530272,13.5,12.600000381469728,13.199999809265137,175133,0,0.0,0.035294102687461804,0.11167512817318616,12.502500009536742,13.92460246157054,11.080397557502945,12.449999809265137,12.75,11.895000457763672,71.10000324249268,10.800000190734863
2017-12-29,12.899999618530272,13.5,12.899999618530272,13.199999809265137,122833,0,0.0,0.0,0.11167512817318616,12.577500009536744,13.980277292182603,11.174722726890884,12.599999904632568,12.75,11.970000267028809,71.10000324249268,10.800000190734863
2018-01-02,13.199999809265137,14.100000381469728,13.199999809265137,13.800000190734863,122617,0,0.0,0.045454575010568155,0.11675127366354907,12.592500019073487,14.040596449000732,11.144403589146242,12.914999961853027,12.900000095367432,12.045000314712524,71.10000324249268,10.800000190734863
2018-01-03,14.100000381469728,14.699999809265137,13.5,13.649999618530272,162583,0,0.0,-0.010869606531259346,0.1154822332568029,12.667500019073486,14.171081244380357,11.163918793766616,13.349999904632568,12.900000095367432,12.082500219345093,71.10000324249268,10.199999809265137
2018-01-04,13.5,13.800000190734863,12.654000282287598,13.5,166567,0,0.0,-0.0109889833496144,0.1142132009183676,12.735000038146973,14.260881081458145,11.209118994835801,13.5,12.900000095367432,12.082499980926514,71.10000324249268,10.800000190734863
2018-01-05,13.5,13.800000190734863,13.350000381469728,13.649999618530272,35100,0,0.0,0.011111082854094123,0.11548223325680289,12.7125,14.168116377417615,11.256883622582386,13.5,12.900000095367432,12.007500171661377,71.10000324249268,10.350000381469728
2018-01-08,13.5,13.800000190734863,12.300000190734863,12.300000190734863,199950,0,0.0,-0.09890105974528707,0.10406091800595264,12.652500009536743,14.071399620416685,11.233600398656801,13.5,12.900000095367432,12.112499952316284,71.10000324249268,10.350000381469728
2018-01-09,12.300000190734863,12.600000381469728,12.0,12.449999809265137,76700,0,0.0,0.012195090748312598,0.10532995034438795,12.6,13.96572237500324,11.234277624996759,13.349999904632568,12.900000095367432,12.000000238418579,71.10000324249268,10.199999809265137
2018-01-10,12.300000190734863,12.600000381469728,12.0,12.600000381469728,159217,0,0.0,0.012048238915872256,0.1065989907511341,12.592500019073487,13.956472482294675,11.228527555852299,13.349999904632568,12.900000095367432,12.150000095367432,71.10000324249268,10.199999809265137
2018-01-11,12.600000381469728,12.899999618530272,12.149999618530272,12.449999809265137,100383,0,0.0,-0.011904806957402259,0.10532995034438794,12.622499990463258,13.94515602557389,11.299843955352625,13.349999904632568,12.900000095367432,12.15000033378601,70.80000019073486,10.199999809265137
2018-01-12,12.600000381469728,12.899999618530272,12.300000190734863,12.899999618530272,35433,0,0.0,0.03614456354692064,0.10913705542800467,12.682499980926513,13.938830585415182,11.426169376437844,13.349999904632568,12.900000095367432,12.15000033378601,14.550000190734863,10.350000381469728
2018-01-16,12.600000381469728,13.5,12.600000381469728,12.75,56183,0,0.0,-0.011627877749298854,0.10786802308956937,12.734999990463256,13.906736857027479,11.563263123899034,13.349999904632568,12.900000095367432,12.375,13.949999809265137,10.050000190734863
2018-01-17,12.899999618530272,13.050000190734863,12.0,12.300000190734863,76233,0,0.0,-0.03529410268746169,0.10406091800595263,12.765000009536744,13.856327935714837,11.67367208335865,12.900000095367432,12.900000095367432,12.5625,13.949999809265137,9.899999618530272
2018-01-18,12.300000190734863,12.600000381469728,12.0,12.300000190734863,99500,0,0.0,0.0,0.10406091800595263,12.780000019073487,13.836162334182383,11.723837703964591,12.900000095367432,12.900000095367432,12.5625,13.949999809265137,9.600000381469728
2018-01-19,12.300000190734863,13.050000190734863,12.149999618530272,12.899999618530272,71617,0,0.0,0.048780440527746105,0.10913705542800467,12.825,13.818574152387502,11.831425847612497,12.900000095367432,12.900000095367432,12.599999904632568,13.949999809265137,9.600000381469728
2018-01-22,12.899999618530272,13.199999809265137,12.600000381469728,12.75,55367,0,0.0,-0.011627877749298854,0.10786802308956937,12.832499980926514,13.821369862500363,11.843630099352664,12.75,12.900000095367432,12.599999904632568,13.949999809265137,9.600000381469728
2018-01-23,12.899999618530272,13.199999809265137,12.600000381469728,12.899999618530272,107850,0,0.0,0.011764675963158666,0.10913705542800467,12.84749994277954,13.830833784106664,11.864166101452417,12.75,13.049999713897705,12.525000095367432,13.949999809265137,9.300000190734863
2018-01-24,12.899999618530272,13.199999809265137,12.600000381469728,12.75,105133,0,0.0,-0.011627877749298854,0.10786802308956937,12.869999933242799,13.821952051112856,11.918047815372741,12.75,13.049999713897705,12.525000095367432,13.949999809265137,10.649999618530272
2018-01-25,12.899999618530272,13.199999809265137,12.600000381469728,12.899999618530272,89733,0,0.0,0.011764675963158666,0.10913705542800467,12.899999904632569,13.81491197537592,11.985087833889217,12.75,13.199999809265137,12.599999904632568,13.949999809265137,11.100000381469728
2018-01-26,12.899999618530272,13.050000190734863,12.300000190734863,12.600000381469728,74567,0,0.0,-0.023255755498597708,0.10659899075113409,12.892499923706055,13.81471701994884,11.970282827463269,12.75,13.214999675750732,12.674999952316284,13.949999809265137,11.399999618530272
2018-01-29,12.300000190734863,12.75,12.300000190734863,12.300000190734863,50550,0,0.0,-0.023809538226368776,0.10406091800595263,12.84749994277954,13.793098830316763,11.901901055242318,12.599999904632568,13.349999904632568,12.674999952316284,13.199999809265137,10.800000190734863
2018-01-30,12.300000190734863,12.600000381469728,11.699999809265137,12.300000190734863,165817,0,0.0,0.0,0.10406091800595263,12.802499961853027,13.762423295320662,11.842576628385391,12.449999809265137,13.199999809265137,12.450000047683716,13.065000534057617,10.800000190734863
2018-01-31,12.300000190734863,12.899999618530272,12.0,12.0,88000,0,0.0,-0.02439025903112113,0.10152284526077118,12.712499952316284,13.616783920155605,11.808215984476963,12.449999809265137,13.199999809265137,12.450000047683716,13.065000534057617,11.399999618530272
2018-02-01,12.0,12.300000190734863,11.699999809265137,11.850000381469728,52317,0,0.0,-0.012499968210855972,0.1002538129223359,12.622499990463258,13.49294770597227,11.752052274954245,12.449999809265137,13.199999809265137,12.224999904632568,13.065000534057617,10.949999809265137
2018-02-02,11.699999809265137,11.850000381469728,10.800000190734863,10.800000190734863,228333,0,0.0,-0.08860760818006286,0.09137056234835624,12.4875,13.582884619124473,11.392115380875529,12.0,12.75,12.299999952316284,13.065000534057617,10.5
2018-02-05,11.100000381469728,12.0,10.800000190734863,10.949999809265137,133733,0,0.0,0.013888853322332029,0.09263959468679155,12.352500009536744,13.506140573614555,11.198859445458933,12.0,12.75,12.442499876022339,13.065000534057617,10.5
2018-02-06,10.800000190734863,11.399999618530272,10.5,10.800000190734863,133317,0,0.0,-0.013698595538180203,0.09137056234835624,12.277500009536743,13.61724300103998,10.937757018033505,11.849999904632568,12.599999904632568,12.599999904632568,13.065000534057617,11.100000381469728
2018-02-07,10.800000190734863,11.100000381469728,10.649999618530272,10.800000190734863,68300,0,0.0,0.0,0.09137056234835624,12.19500002861023,13.679167352001798,10.71083270521866,11.775000095367432,12.599999904632568,12.674999952316284,13.065000534057617,10.800000190734863
2018-02-08,10.800000190734863,11.100000381469728,10.5,10.800000190734863,93150,0,0.0,0.0,0.09137056234835624,12.105000019073486,13.695691514934712,10.51430852321226,11.699999809265137,12.599999904632568,12.90750002861023,13.065000534057617,10.350000381469728
2018-02-09,10.800000190734863,11.100000381469728,9.600000381469728,10.199999809265137,193683,0,0.0,-0.05555558989567955,0.08629441685799334,11.992500019073486,13.778222692952404,10.206777345194567,11.25,11.700000286102295,13.125,13.065000534057617,10.199999809265137
2018-02-12,10.5,10.800000190734863,10.199999809265137,10.800000190734863,55633,0,0.0,0.058823567910728514,0.09137056234835624,11.887500047683716,13.69449566958314,10.08050442578429,11.25,11.700000286102295,13.200000047683716,13.050000190734863,10.800000190734863
2018-02-13,10.5,10.649999618530272,10.199999809265137,10.350000381469728,38600,0,0.0,-0.041666648270171525,0.08756345726473949,11.767500066757203,13.647539796158554,9.88746033735585,10.950000286102295,11.700000286102295,13.200000047683716,12.90000057220459,10.199999809265137
2018-02-14,10.199999809265137,10.649999618530272,10.199999809265137,10.350000381469728,59233,0,0.0,0.0,0.08756345726473949,11.670000076293945,13.630876511738622,9.709123640849269,10.800000190734863,11.550000190734863,13.200000047683716,12.824999809265137,9.899999618530272
2018-02-15,10.199999809265137,10.5,10.199999809265137,10.199999809265137,75083,0,0.0,-0.01449280837449507,0.08629441685799333,11.565000057220459,13.603900731871821,9.526099382569097,10.800000190734863,11.550000190734863,13.125,12.450000286102295,10.199999809265137
2018-02-16,10.199999809265137,10.5,9.899999618530272,10.199999809265137,117917,0,0.0,0.0,0.08629441685799333,11.430000066757202,13.454795273539272,9.405204859975132,10.5,11.550000190734863,13.125,12.150000095367432,9.600000381469728
2018-02-20,10.199999809265137,10.5,9.899999618530272,10.199999809265137,51850,0,0.0,0.0,0.08629441685799333,11.30250005722046,13.299411784472905,9.305588329968014,10.350000381469728,11.550000190734863,13.125,12.150000095367432,9.899999618530272
2018-02-21,10.199999809265137,10.5,9.899999618530272,10.350000381469728,62183,0,0.0,0.014705938726424117,0.08756345726473948,11.175000095367432,13.069563014565698,9.280437176169166,10.350000381469728,11.550000190734863,13.125,12.150000095367432,9.899999618530272
2018-02-22,10.199999809265137,10.5,9.899999618530272,10.050000190734863,53500,0,0.0,-0.028985524606547353,0.08502538451955802,11.040000104904175,12.848317114967253,9.231683094841097,10.350000381469728,11.400000095367432,13.125,12.150000095367432,9.600000381469728
2018-02-23,9.899999618530272,10.199999809265137,9.600000381469728,9.899999618530272,74200,0,0.0,-0.014925429786844968,0.08375634411281185,10.890000104904175,12.545988170261507,9.234012039546842,10.200000286102295,11.400000095367432,12.900000095367432,12.150000095367432,9.600000381469728
2018-02-26,9.899999618530272,10.199999809265137,9.600000381469728,9.600000381469728,122217,0,0.0,-0.030302954406081106,0.08121827943594127,10.740000104904174,12.288080250469706,9.191919959338643,10.125,11.400000095367432,12.900000095367432,12.150000095367432,9.449999809265137
2018-02-27,9.600000381469728,9.899999618530272,9.600000381469728,9.600000381469728,66433,0,0.0,0.0,0.08121827943594127,10.605000114440918,12.051917886655982,9.158082342225853,10.125,11.400000095367432,12.900000095367432,12.150000095367432,9.600000381469728
2018-02-28,9.600000381469728,9.899999618530272,9.600000381469728,9.600000381469728,128817,0,0.0,0.0,0.08121827943594127,10.47000012397766,11.75187134860145,9.188128899353872,10.050000190734863,11.400000095367432,12.825000047683716,12.150000095367432,9.300000190734863
2018-03-01,9.600000381469728,9.899999618530272,9.300000190734863,9.300000190734863,162717,0,0.0,-0.03125001862645094,0.07868020669075981,10.335000133514404,11.506737160527148,9.16326310650166,9.900000095367432,11.25,12.899999856948853,12.150000095367432,9.449999809265137
2018-03-02,10.199999809265137,10.800000190734863,9.600000381469728,10.649999618530272,237250,0,0.0,0.14516122581807545,0.09010152194161004,10.275000095367432,11.231243630321641,9.318756560413222,10.050000190734863,11.25,12.899999856948853,12.150000095367432,9.600000381469728
2018-03-05,10.5,11.100000381469728,10.199999809265137,11.100000381469728,130450,0,0.0,0.04225359427773934,0.09390863509353767,10.290000104904175,11.287686757313763,9.292313452494588,10.200000286102295,11.175000190734863,12.974999904632568,12.299999713897705,10.050000190734863
2018-03-06,11.100000381469728,11.699999809265137,10.800000190734863,11.399999618530272,121850,0,0.0,0.027026957364916893,0.09644669977040825,10.312500095367431,11.386918666544009,9.238081524190854,10.5,11.099999904632568,12.982499837875366,12.449999809265137,9.899999618530272
2018-03-07,11.100000381469728,11.399999618530272,10.800000190734863,10.800000190734863,47867,0,0.0,-0.05263153051515301,0.09137056234835621,10.312500095367431,11.386918666544009,9.238081524190854,10.5,11.099999904632568,12.974999904632568,12.449999809265137,9.75
2018-03-08,10.800000190734863,11.399999618530272,10.800000190734863,10.800000190734863,45067,0,0.0,0.0,0.09137056234835621,10.312500095367431,11.386918666544009,9.238081524190854,10.5,11.099999904632568,12.824999809265137,12.449999809265137,9.600000381469728
2018-03-09,10.800000190734863,11.43000030517578,10.800000190734863,11.399999618530272,65400,0,0.0,0.05555550159250355,0.09644669977040826,10.342500066757202,11.500863000660422,9.184137132853982,10.5,10.800000190734863,12.824999809265137,12.449999809265137,9.600000381469728
2018-03-12,11.399999618530272,11.43000030517578,10.800000190734863,10.949999809265137,52750,0,0.0,-0.03947366880027581,0.09263959468679153,10.380000066757201,11.566015078697422,9.19398505481698,10.5,10.650000095367432,12.824999809265137,12.449999809265137,9.449999809265137
2018-03-13,11.399999618530272,11.43000030517578,10.5,10.5,68167,0,0.0,-0.04109587370808698,0.08883248960317477,10.36500005722046,11.536736817643435,9.193263296797484,10.5,10.650000095367432,12.375,12.599999904632568,9.449999809265137
2018-03-14,10.5,11.100000381469728,10.5,10.5,32867,0,0.0,0.0,0.08883248960317477,10.372500038146972,11.545691831118148,9.199308245175796,10.650000095367432,10.5,12.375,12.599999904632568,9.300000190734863
2018-03-15,10.5,11.100000381469728,10.5,11.100000381469728,53733,0,0.0,0.057142893473307366,0.09390863509353767,10.410000038146972,11.625565829242795,9.194434247051149,10.949999809265137,10.5,12.224999904632568,12.599999904632568,9.449999809265137
2018-03-16,11.100000381469728,11.100000381469728,10.5,10.800000190734863,50667,0,0.0,-0.027027043281519503,0.09137056234835621,10.440000057220459,11.663027957602932,9.216972156837986,11.099999904632568,10.5,12.1875,12.599999904632568,9.0
2018-03-19,10.800000190734863,10.895999908447266,10.199999809265137,10.350000381469728,57633,0,0.0,-0.041666648270171525,0.08756345726473948,10.447500085830688,11.666336155779485,9.228664015881892,10.815000057220459,10.5,12.149999856948853,12.599999904632568,9.149999618530272
2018-03-20,10.5,10.5,9.899999618530272,10.199999809265137,29800,0,0.0,-0.01449280837449507,0.08629441685799331,10.447500085830688,11.666336155779485,9.228664015881892,10.664999961853026,10.5,11.475000143051147,12.150000095367432,9.300000190734863
2018-03-21,10.199999809265137,11.100000381469728,10.199999809265137,10.800000190734863,56950,0,0.0,0.058823567910728514,0.0913705623483562,10.470000076293946,11.697483464139733,9.242516688448159,10.664999961853026,10.5,11.475000143051147,12.150000095367432,9.300000190734863
2018-03-22,10.800000190734863,11.100000381469728,10.199999809265137,10.199999809265137,60700,0,0.0,-0.05555558989567955,0.0862944168579933,10.477500057220459,11.696336159205247,9.25866395523567,10.664999961853026,10.5,11.325000286102295,12.150000095367432,9.0
2018-03-23,10.5,10.800000190734863,9.899999618530272,9.899999618530272,133350,0,0.0,-0.02941178395536448,0.08375634411281184,10.477500057220459,11.696336159205247,9.25866395523567,10.664999961853026,10.5,11.175000190734863,12.150000095367432,9.300000190734863
2018-03-26,10.199999809265137,10.5,9.899999618530272,10.199999809265137,41900,0,0.0,0.03030305073682449,0.08629441685799331,10.50750002861023,11.665863044911838,9.34913701230862,10.5,10.5,11.175000190734863,12.150000095367432,9.149999618530272
2018-03-27,10.199999809265137,10.260000228881836,9.600000381469728,9.600000381469728,69683,0,0.0,-0.05882347441324465,0.08121827943594127,10.50750002861023,11.665863044911838,9.34913701230862,10.350000381469728,10.5,11.025000095367432,12.150000095367432,9.0
2018-03-28,9.899999618530272,10.199999809265137,9.600000381469728,9.899999618530272,83433,0,0.0,0.03124991928537968,0.08375634411281185,10.522499990463256,11.64008674055141,9.404913240375102,10.350000381469728,10.5,10.950000286102295,12.150000095367432,9.75
2018-03-29,9.899999618530272,10.199999809265137,9.600000381469728,9.899999618530272,49083,0,0.0,0.0,0.08375634411281185,10.552499961853027,11.56321118947918,9.541788734226873,10.350000381469728,10.5,10.950000286102295,12.150000095367432,9.75
2018-04-02,9.899999618530272,9.93000030517578,9.449999809265137,9.600000381469728,63867,0,0.0,-0.030302954406081106,0.08121827943594127,10.5,11.591744914813853,9.408255085186147,10.275000095367432,10.5,10.875000238418579,12.150000095367432,9.0
2018-04-03,9.600000381469728,9.899999618530272,9.600000381469728,9.600000381469728,64117,0,0.0,0.0,0.08121827943594127,10.425,11.547562102960415,9.302437897039587,10.275000095367432,10.5,10.800000190734863,12.150000095367432,8.550000190734863
2018-04-04,9.600000381469728,9.899999618530272,9.300000190734863,9.449999809265137,146133,0,0.0,-0.015625058983760876,0.07994923902919512,10.327500009536744,11.43280749365221,9.222192525421278,10.200000286102295,10.5,10.762500047683716,12.150000095367432,8.699999809265137
2018-04-05,9.300000190734863,9.899999618530272,9.300000190734863,9.600000381469728,45067,0,0.0,0.015873076744141956,0.08121827943594129,10.267500019073486,11.39400649125768,9.140993546889291,10.050000190734863,10.5,10.762500047683716,12.150000095367432,8.699999809265137
2018-04-06,9.600000381469728,9.899999618530272,9.300000190734863,9.300000190734863,28817,0,0.0,-0.03125001862645094,0.07868020669075983,10.192500019073487,11.36646724329146,9.018532794855513,9.900000095367432,10.5,10.725000143051147,12.150000095367432,9.0
2018-04-09,9.300000190734863,9.600000381469728,9.0,9.449999809265137,86267,0,0.0,0.016128990909022756,0.07994923902919512,10.09500002861023,11.170371002128842,9.019629055091617,9.630000114440918,10.349999904632568,10.575000047683716,12.0,9.300000190734863
2018-04-10,9.600000381469728,10.800000190734863,9.300000190734863,9.600000381469728,142067,0,0.0,0.015873076744141956,0.08121827943594129,10.02750005722046,11.047173608662938,9.007826505777981,9.900000095367432,10.349999904632568,10.650000095367432,12.0,9.300000190734863
2018-04-11,9.600000381469728,10.199999809265137,9.600000381469728,10.050000190734863,35317,0,0.0,0.046874978269140666,0.08502538451955803,10.005000066757201,11.001317933559951,9.008682199954452,9.900000095367432,10.349999904632568,10.687500238418579,12.0,9.300000190734863
2018-04-12,10.199999809265137,10.199999809265137,9.899999618530272,9.899999618530272,23117,0,0.0,-0.014925429786844968,0.08375634411281187,9.975000047683716,10.945411080240811,9.004589015126621,9.900000095367432,10.21500015258789,10.799999952316284,12.0,9.300000190734863
2018-04-13,9.899999618530272,10.199999809265137,9.600000381469728,9.75,30567,0,0.0,-0.015151477203040553,0.08248731177437658,9.90750002861023,10.73067236042831,9.08432769679215,9.900000095367432,10.21500015258789,10.799999952316284,12.0,9.0
2018-04-16,9.899999618530272,10.199999809265137,9.600000381469728,9.600000381469728,46833,0,0.0,-0.01538457625951506,0.08121827943594129,9.847500038146972,10.569385027240177,9.125615049053767,9.900000095367432,10.21500015258789,10.799999952316284,12.0,9.0
2018-04-17,9.600000381469728,9.899999618530272,9.600000381469728,9.600000381469728,38783,0,0.0,0.0,0.08121827943594129,9.810000038146972,10.500479956438799,9.119520119855146,9.900000095367432,10.21500015258789,10.650000095367432,12.0,9.0
2018-04-18,9.600000381469728,9.899999618530272,9.300000190734863,9.449999809265137,51950,0,0.0,-0.015625058983760876,0.07994923902919514,9.772500038146973,10.45552766926837,9.089472407025575,9.900000095367432,10.21500015258789,10.575000047683716,12.0,9.0
2018-04-19,9.600000381469728,9.600000381469728,9.300000190734863,9.449999809265137,33117,0,0.0,0.0,0.07994923902919514,9.705000019073486,10.210636601554748,9.199363436592224,9.900000095367432,10.050000190734863,10.575000047683716,12.0,8.550000190734863
2018-04-20,9.300000190734863,9.600000381469728,9.300000190734863,9.300000190734863,65533,0,0.0,-0.0158729758262226,0.07868020669075983,9.660000038146972,10.140731099464638,9.179268976829306,10.050000190734863,10.050000190734863,10.575000047683716,12.0,8.25
2018-04-23,9.300000190734863,9.600000381469728,9.0,9.449999809265137,51733,0,0.0,0.016128990909022756,0.07994923902919512,9.637500047683716,10.113237043192758,9.161763052174674,9.599999904632568,10.050000190734863,10.724999904632568,12.0,8.699999809265137
2018-04-24,9.300000190734863,9.600000381469728,9.0,9.0,64667,0,0.0,-0.04761902839658683,0.07614213394557838,9.577500057220458,10.057046895990128,9.097953218450789,9.599999904632568,10.050000190734863,10.799999952316284,12.0,8.399999618530273
2018-04-25,9.0,9.300000190734863,9.0,9.149999618530272,29583,0,0.0,0.016666624281141296,0.07741116628401366,9.555000019073486,10.069555263607391,9.04044477453958,9.599999904632568,10.050000190734863,10.65750002861023,12.0,8.699999809265137
2018-04-26,9.300000190734863,9.300000190734863,9.0,9.300000190734863,35183,0,0.0,0.01639350584242827,0.07868020669075983,9.525000047683715,10.02520950650336,9.02479058886407,9.599999904632568,10.050000190734863,10.582499980926514,11.550000190734863,9.300000190734863
2018-04-27,9.300000190734863,9.630000114440918,9.0600004196167,9.300000190734863,37433,0,0.0,0.0,0.07868020669075983,9.495000076293945,9.972884056501012,9.017116096086877,9.449999809265137,10.050000190734863,10.582499980926514,11.550000190734863,10.199999809265137
2018-04-30,9.300000190734863,9.600000381469728,8.699999809265137,9.0,96000,0,0.0,-0.03225808436366906,0.07614213394557838,9.46500005722046,9.98658036986701,8.943419744573909,9.299999713897705,9.75,10.582499980926514,11.550000190734863,10.800000190734863
2018-05-01,9.0,9.300000190734863,9.0,9.300000190734863,36500,0,0.0,0.03333335452609587,0.07868020669075983,9.450000047683716,9.972451813309549,8.927548282057883,9.164999961853027,9.75,10.582499980926514,11.400000095367432,11.399999618530272
2018-05-02,9.300000190734863,9.300000190734863,9.0,9.149999618530272,26283,0,0.0,-0.016129093454646415,0.07741116628401366,9.435000038146972,9.973742182693728,8.896257893600216,9.164999961853027,9.75,10.5,11.400000095367432,12.899999618530272
2018-05-03,9.0,9.600000381469728,9.0,9.0,46400,0,0.0,-0.016393401615722225,0.07614213394557837,9.405000019073487,9.970118025950363,8.839882012196611,9.164999961853027,9.75,10.425000190734863,11.400000095367432,12.600000381469728
2018-05-04,9.0,9.899999618530272,9.0,9.75,112733,0,0.0,0.08333333333333326,0.08248731177437656,9.427500009536743,10.009863867272148,8.845136151801338,9.299999713897705,9.75,10.425000190734863,11.400000095367432,13.199999809265137
2018-05-07,9.899999618530272,9.899999618530272,9.600000381469728,9.75,23333,0,0.0,0.0,0.08248731177437656,9.442500019073487,10.041803297983847,8.843196740163126,9.299999713897705,9.75,10.425000190734863,11.400000095367432,12.600000381469728
2018-05-08,9.600000381469728,9.600000381469728,9.0,9.0,47483,0,0.0,-0.07692307692307687,0.07614213394557837,9.4125,10.037079366686658,8.787920633313341,9.299999713897705,9.75,10.387500047683716,11.25,13.800000190734863
2018-05-09,9.0,9.270000457763672,8.100000381469727,8.550000190734863,164317,0,0.0,-0.04999997880723739,0.07233502886196162,9.3375,9.99749386449874,8.677506135501261,9.0,9.450000286102295,10.387500047683716,11.25,14.699999809265137
2018-05-10,8.399999618530273,8.699999809265137,8.100000381469727,8.699999809265137,117617,0,0.0,0.017543814641410194,0.07360406120039693,9.277500009536743,9.940245399766075,8.61475461930741,9.0,9.450000286102295,10.350000143051147,11.25,14.399999618530272
2018-05-11,8.699999809265137,8.699999809265137,8.399999618530273,8.699999809265137,47450,0,0.0,0.0,0.07360406120039693,9.225,9.896101476342604,8.553898523657395,9.0,9.450000286102295,10.275000095367432,11.25,14.399999618530272
2018-05-14,8.699999809265137,9.300000190734863,8.550000190734863,9.0,83950,0,0.0,0.034482781300221976,0.07614213394557838,9.194999980926514,9.849630155847212,8.540369806005817,9.0,9.450000286102295,10.200000047683716,11.25,13.199999809265137
2018-05-15,9.0,9.600000381469728,8.699999809265137,9.300000190734863,109383,0,0.0,0.03333335452609587,0.07868020669075983,9.17999997138977,9.809837860028235,8.550162082751307,9.0,9.450000286102295,9.990000009536743,11.099999904632568,13.5
2018-05-16,9.600000381469728,9.600000381469728,9.0,9.300000190734863,18217,0,0.0,0.0,0.07868020669075983,9.172499990463256,9.792693708665926,8.552306272260587,9.0,9.150000095367432,10.125,11.099999904632568,12.899999618530272
2018-05-17,9.300000190734863,9.600000381469728,9.0,9.300000190734863,22950,0,0.0,0.0,0.07868020669075983,9.165000009536744,9.775024440383271,8.554975578690216,9.0,9.150000095367432,10.125,11.025000095367432,12.899999618530272
2018-05-18,9.600000381469728,9.600000381469728,8.699999809265137,9.300000190734863,43767,0,0.0,0.0,0.07868020669075983,9.165000009536744,9.775024440383271,8.554975578690216,8.850000381469727,9.150000095367432,10.057500123977661,10.949999809265137,13.199999809265137
2018-05-21,9.300000190734863,9.300000190734863,9.0,9.0,26950,0,0.0,-0.03225808436366906,0.07614213394557838,9.142500019073486,9.741803307636353,8.54319673051062,8.850000381469727,9.150000095367432,10.057500123977661,10.949999809265137,12.899999618530272
2018-05-22,9.0,9.029999732971191,8.699999809265137,9.0,30650,0,0.0,0.0,0.07614213394557838,9.142500019073486,9.741803307636353,8.54319673051062,8.850000381469727,9.0,10.057500123977661,10.949999809265137,12.0
2018-05-23,9.0,9.0,8.699999809265137,9.0,12600,0,0.0,0.0,0.07614213394557838,9.135000038146973,9.737520833503666,8.53247924279028,9.0,9.0,10.057500123977661,10.650000095367432,12.149999618530272
2018-05-24,9.0,9.0,8.699999809265137,9.0,16333,0,0.0,0.0,0.07614213394557838,9.12000002861023,9.720251427348321,8.519748629872138,9.075000286102295,9.0,10.057500123977661,10.5,12.149999618530272
2018-05-25,9.0,9.0,8.399999618530273,8.550000190734863,58633,0,0.0,-0.04999997880723739,0.07233502886196164,9.08250002861023,9.725738347293511,8.43926170992695,9.0,9.0,9.975000143051147,10.5,12.300000190734863
2018-05-29,8.399999618530273,8.550000190734863,8.100000381469727,8.25,102517,0,0.0,-0.035087740823673386,0.06979695611678019,9.045000028610229,9.784473821700953,8.305526235519505,8.850000381469727,9.0,10.050000190734863,10.349999904632568,12.449999809265137
2018-05-30,8.399999618530273,9.0,8.100000381469727,8.699999809265137,66200,0,0.0,0.05454543142607715,0.07360406120039693,9.015000009536744,9.759379160894534,8.270620858178953,8.850000381469727,9.0,9.825000047683716,10.349999904632568,12.149999618530272
2018-05-31,9.0,9.0,8.399999618530273,8.399999618530273,28683,0,0.0,-0.03448278130022209,0.07106598845521549,8.977500009536744,9.765663743250252,8.189336275823235,8.850000381469727,9.0,9.825000047683716,10.349999904632568,12.300000190734863
2018-06-01,8.399999618530273,8.850000381469727,8.399999618530273,8.699999809265137,37167,0,0.0,0.035714310042713304,0.07360406120039693,8.9625,9.759845429942285,8.165154570057716,8.700000286102295,9.0,9.825000047683716,10.349999904632568,12.0
2018-06-04,10.5,10.800000190734863,8.100000381469727,9.300000190734863,1446750,0,0.0,0.06896556260044417,0.07868020669075983,8.940000009536742,9.668940454938621,8.211059564134864,9.450000286102295,9.450000286102295,9.825000047683716,10.349999904632568,12.600000381469728
2018-06-05,9.300000190734863,10.199999809265137,8.699999809265137,10.199999809265137,208583,0,0.0,0.09677415054538385,0.08629441685799334,8.9625,9.809640131309878,8.115359868690122,9.450000286102295,9.450000286102295,9.75,10.349999904632568,12.300000190734863
2018-06-06,9.899999618530272,11.100000381469728,9.600000381469728,10.800000190734863,229783,0,0.0,0.058823567910728514,0.09137056234835624,9.052500009536743,10.221808059541626,7.883191959531861,9.600000381469727,9.600000381469727,9.524999856948853,10.199999809265137,12.300000190734863
2018-06-07,11.100000381469728,11.399999618530272,10.5,11.399999618530272,294150,0,0.0,0.05555550159250355,0.09644669977040829,9.194999980926514,10.727426036050838,7.6625739258021905,9.75,9.75,9.457499980926514,10.199999809265137,12.0
2018-06-08,11.699999809265137,13.199999809265137,11.100000381469728,12.899999618530272,364083,0,0.0,0.1315789517713497,0.10913705542800468,9.40499997138977,11.61767175494243,7.192328187837111,10.650000095367432,10.650000095367432,9.457499980926514,10.199999809265137,12.600000381469728
2018-06-11,13.5,14.399999618530272,12.0,12.600000381469728,469817,0,0.0,-0.023255755498597708,0.1065989907511341,9.6,12.189519983398423,7.010480016601577,11.25,11.25,9.457499980926514,10.199999809265137,12.300000190734863
2018-06-12,12.899999618530272,13.199999809265137,12.600000381469728,13.199999809265137,150733,0,0.0,0.04761900076430159,0.11167512817318613,9.809999990463258,12.822452435827879,6.797547545098636,11.25,11.25,9.524999856948853,10.199999809265137,12.0
2018-06-13,12.899999618530272,13.199999809265137,12.300000190734863,12.600000381469728,109550,0,0.0,-0.045454502762512616,0.10659899075113409,9.975,13.213217354792402,6.736782645207597,11.25,11.25,9.524999856948853,10.199999809265137,12.149999618530272
2018-06-14,12.899999618530272,13.800000190734863,12.600000381469728,13.800000190734863,159333,0,0.0,0.09523807721703892,0.11675127366354901,10.2,13.825930353899277,6.574069646100721,11.25,11.25,9.524999856948853,10.199999809265137,12.0
2018-06-15,13.800000190734863,15.300000190734863,13.800000190734863,14.699999809265137,222483,0,0.0,0.06521736276022083,0.1243654838307825,10.469999980926513,14.566723282676598,6.373276679176428,12.0,11.700000286102295,9.225000143051147,9.900000095367432,12.0
2018-06-18,15.0,15.300000190734863,13.5,14.399999618530272,191550,0,0.0,-0.020408176505266384,0.12182741108560104,10.724999952316285,15.125705920056017,6.324293984576552,12.450000286102295,11.700000286102295,9.225000143051147,9.900000095367432,11.100000381469728
2018-06-19,13.800000190734863,14.699999809265137,13.5,14.399999618530272,111167,0,0.0,0.0,0.12182741108560104,10.994999933242799,15.599397342094232,6.390602524391366,12.900000095367432,11.700000286102295,9.225000143051147,9.900000095367432,11.399999618530272
2018-06-20,14.399999618530272,14.699999809265137,13.199999809265137,13.199999809265137,149400,0,0.0,-0.08333332229543577,0.1116751281731861,11.204999923706055,15.809397328160276,6.600602519251833,13.200000286102295,11.700000286102295,9.225000143051147,9.900000095367432,10.800000190734863
2018-06-21,13.199999809265137,13.800000190734863,12.899999618530272,13.5,96467,0,0.0,0.022727287505283966,0.11421320091836754,11.429999923706054,16.021039619865725,6.838960227546384,13.650000095367432,11.700000286102295,9.225000143051147,9.900000095367432,10.649999618530272
2018-06-22,13.800000190734863,13.800000190734863,12.899999618530272,12.899999618530272,629883,0,0.0,-0.044444472701461346,0.10913705542800463,11.624999904632569,16.11575517865333,7.134244630611805,13.800000190734863,11.700000286102295,9.075000047683716,9.900000095367432,10.199999809265137
2018-06-25,12.600000381469728,13.199999809265137,12.600000381469728,12.899999618530272,90200,0,0.0,0.0,0.10913705542800463,11.84249987602234,16.131141047184105,7.553858704860573,13.800000190734863,11.700000286102295,9.075000047683716,9.900000095367432,10.649999618530272
2018-06-26,13.199999809265137,13.199999809265137,12.899999618530272,13.199999809265137,37567,0,0.0,0.0232558294268419,0.11167512817318609,12.089999866485595,16.078466136099646,8.101533596871544,13.950000286102295,11.700000286102295,9.000000238418579,9.765000343322754,10.5
2018-06-27,13.199999809265137,13.5,12.600000381469728,12.899999618530272,61500,0,0.0,-0.02272728750528419,0.10913705542800463,12.299999856948853,15.979484438756064,8.620515275141642,13.950000286102295,11.700000286102295,9.000000238418579,9.765000343322754,10.5
2018-06-28,12.600000381469728,12.75,11.399999618530272,12.0,116283,0,0.0,-0.06976741435228129,0.10152284526077114,12.479999876022339,15.697216490672172,9.262783261372505,13.349999904632568,11.700000286102295,8.925000190734863,9.765000343322754,10.5
2018-06-29,12.0,12.300000190734863,11.699999809265137,12.149999618530272,52200,0,0.0,0.012499968210855972,0.10279187759920642,12.652499866485595,15.366023228937289,9.938976504033901,13.049999713897705,11.700000286102295,9.0,9.765000343322754,10.649999618530272
2018-07-02,12.300000190734863,12.449999809265137,11.699999809265137,12.149999618530272,43733,0,0.0,0.0,0.10279187759920642,12.794999837875366,15.044375342655908,10.545624333094825,13.049999713897705,11.700000286102295,9.037500143051147,9.765000343322754,10.5
2018-07-03,12.300000190734863,12.600000381469728,12.0,12.300000190734863,22550,0,0.0,0.012345726494988662,0.10406091800595257,12.899999856948853,14.824343841524309,10.975655872373396,12.599999904632568,11.700000286102295,9.0,9.600000381469727,10.5
2018-07-05,12.300000190734863,13.5,12.300000190734863,12.449999809265137,52417,0,0.0,0.012195090748312598,0.10532995034438788,12.982499837875366,14.663233256116664,11.301766419634069,12.599999904632568,11.700000286102295,8.925000190734863,9.600000381469727,10.350000381469728
2018-07-06,12.600000381469728,12.75,12.0,12.149999618530272,38717,0,0.0,-0.02409640123139667,0.10279187759920642,13.019999837875366,14.586193470064963,11.453806205685769,12.449999809265137,11.700000286102295,8.925000190734863,9.600000381469727,9.899999618530272
2018-07-09,12.0,12.600000381469728,12.0,12.300000190734863,42217,0,0.0,0.012345726494988662,0.10406091800595257,12.989999866485595,14.587255785643062,11.392743947328128,12.449999809265137,11.700000286102295,8.925000190734863,9.600000381469727,10.5
2018-07-10,12.300000190734863,12.899999618530272,12.0,12.0,53900,0,0.0,-0.02439025903112113,0.10152284526077113,12.95999984741211,14.607725543062482,11.312274151761738,12.449999809265137,11.700000286102295,8.850000143051147,9.600000381469727,10.199999809265137
2018-07-11,12.899999618530272,12.899999618530272,12.0,12.600000381469728,81167,0,0.0,0.05000003178914403,0.10659899075113403,12.92999987602234,14.581035348864509,11.27896440318017,12.449999809265137,12.0,9.450000286102295,9.600000381469727,10.5
2018-07-12,12.899999618530272,12.899999618530272,12.300000190734863,12.300000190734863,16067,0,0.0,-0.023809538226368776,0.10406091800595257,12.914999866485596,14.583304045731506,11.246695687239686,12.599999904632568,12.450000286102295,9.450000286102295,9.600000381469727,10.800000190734863
2018-07-13,12.300000190734863,12.600000381469728,12.0,12.300000190734863,19850,0,0.0,0.0,0.10406091800595257,12.839999866485595,14.476644478238097,11.203355254733093,12.599999904632568,12.900000095367432,9.600000381469727,9.600000381469727,10.5
2018-07-16,12.300000190734863,12.300000190734863,12.0,12.0,21283,0,0.0,-0.02439025903112113,0.10152284526077113,12.704999876022338,14.136110535472888,11.273889216571789,12.75,13.200000286102295,9.75,9.75,10.199999809265137
2018-07-17,12.0,12.600000381469728,12.0,12.600000381469728,36000,0,0.0,0.05000003178914403,0.10659899075113403,12.614999914169312,13.813606160593956,11.416393667744668,12.75,13.349999904632568,10.650000095367432,10.650000095367432,10.350000381469728
2018-07-18,12.600000381469728,12.600000381469728,12.0,12.300000190734863,18933,0,0.0,-0.023809538226368776,0.10406091800595257,12.50999994277954,13.386307795204587,11.633692090354494,12.449999809265137,13.349999904632568,11.25,11.25,10.199999809265137
2018-07-19,12.0,12.300000190734863,12.0,12.0,17167,0,0.0,-0.02439025903112113,0.10152284526077113,12.449999952316285,13.292427939672578,11.607571964959991,12.449999809265137,13.349999904632568,11.25,11.25,10.800000190734863
2018-07-20,12.0,12.300000190734863,12.0,12.149999618530272,19517,0,0.0,0.012499968210855972,0.10279187759920641,12.382499933242798,13.080026682421993,11.684973184063603,12.449999809265137,13.349999904632568,11.25,11.25,10.800000190734863
2018-07-23,12.0,12.300000190734863,12.0,12.0,13450,0,0.0,-0.012345648003272647,0.10152284526077113,12.337499952316284,13.011138530159254,11.663861374473314,12.449999809265137,13.349999904632568,11.25,11.25,10.800000190734863
2018-07-24,12.0,12.600000381469728,12.0,12.0,51067,0,0.0,0.0,0.10152284526077113,12.29249997138977,12.928626505823706,11.656373436955834,12.449999809265137,13.349999904632568,11.850000143051147,11.700000286102295,10.800000190734863
2018-07-25,12.0,12.300000190734863,10.5,11.100000381469728,189867,0,0.0,-0.07499996821085597,0.09390863509353764,12.1875,12.88110253380834,11.49389746619166,11.550000190734863,12.599999904632568,12.075000286102295,11.700000286102295,11.25
2018-07-26,11.100000381469728,11.699999809265137,10.800000190734863,11.399999618530272,69800,0,0.0,0.027026957364916893,0.09644669977040822,12.1125,12.80610270060959,11.41889729939041,11.550000190734863,12.599999904632568,12.300000190734863,11.700000286102295,10.800000190734863
2018-07-27,11.399999618530272,11.399999618530272,10.800000190734863,10.800000190734863,20083,0,0.0,-0.05263153051515301,0.09137056234835618,12.052500009536743,12.953760775122067,11.15123924395142,11.550000190734863,12.150000095367432,12.450000286102295,11.700000286102295,10.5
2018-07-30,10.800000190734863,10.949999809265137,10.199999809265137,10.649999618530272,45900,0,0.0,-0.013888941625508022,0.09010152194161002,11.977500009536744,13.066219800714926,10.888780218358562,11.400000095367432,12.0,12.675000190734863,11.700000286102295,10.199999809265137
2018-07-31,10.800000190734863,10.800000190734863,10.199999809265137,10.199999809265137,31100,0,0.0,-0.04225350473085143,0.08629441685799329,11.880000019073487,13.214043569347961,10.545956468799012,11.400000095367432,11.849999904632568,12.750000238418579,11.700000286102295,9.899999618530272
2018-08-01,10.199999809265137,10.800000190734863,10.199999809265137,10.649999618530272,10300,0,0.0,0.0441176291843044,0.09010152194161002,11.797499990463256,13.219602495377389,10.375397485549124,11.400000095367432,11.849999904632568,12.750000238418579,11.700000286102295,9.600000381469728
2018-08-02,10.5,10.800000190734863,10.199999809265137,10.5,21550,0,0.0,-0.01408447172798788,0.08883248960317473,11.7,13.196074236678122,10.203925763321877,11.400000095367432,11.849999904632568,12.825000286102295,11.700000286102295,9.300000190734863
2018-08-03,10.5,10.5,10.5,10.5,10000,0,0.0,0.0,0.08883248960317473,11.617500019073486,13.186233468507641,10.04876656963933,11.400000095367432,11.849999904632568,12.825000286102295,11.700000286102295,9.0
2018-08-06,10.5,10.800000190734863,10.5,10.5,10500,0,0.0,0.0,0.08883248960317473,11.527500009536743,13.13575504305367,9.919244976019815,11.25,11.849999904632568,12.525000095367432,11.700000286102295,9.300000190734863
2018-08-07,10.5,10.800000190734863,10.5,10.649999618530272,9950,0,0.0,0.014285677955264031,0.09010152194161003,11.459999990463256,13.096645022819224,9.823354958107288,10.949999809265137,11.849999904632568,12.375,11.700000286102295,8.550000190734863
2018-08-08,10.5,11.100000381469728,10.5,10.5,9000,0,0.0,-0.01408447172798788,0.08883248960317475,11.35499997138977,12.954248658050277,9.755751284729262,10.799999713897705,11.849999904632568,12.375,11.700000286102295,8.699999809265137
2018-08-09,10.5,10.800000190734863,10.199999809265137,10.5,25733,0,0.0,0.0,0.08883248960317475,11.264999961853027,12.843634457757066,9.686365465948988,10.650000095367432,11.849999904632568,12.150000095367432,11.700000286102295,8.699999809265137
2018-08-10,10.199999809265137,10.5,9.899999618530272,10.350000381469728,21667,0,0.0,-0.01428567795526392,0.08756345726473946,11.16749997138977,12.718735935902155,9.616264006877385,10.5,11.399999618530272,12.150000095367432,11.700000286102295,8.399999618530273
2018-08-13,10.199999809265137,10.5,9.899999618530272,9.899999618530272,26600,0,0.0,-0.04347833298104242,0.08375634411281184,11.062499952316283,12.65826010907217,9.466739795560397,10.5,11.399999618530272,12.075000047683716,11.700000286102295,8.550000190734863
2018-08-14,9.899999618530272,10.800000190734863,9.899999618530272,10.5,18767,0,0.0,0.06060610147364853,0.08883248960317473,10.957499933242797,12.402451301874883,9.51254856461071,10.5,11.399999618530272,12.075000047683716,11.700000286102295,8.399999618530273
2018-08-15,10.199999809265137,10.5,9.899999618530272,10.199999809265137,22150,0,0.0,-0.028571446736653683,0.08629441685799329,10.85249991416931,12.192243095654401,9.51275673268422,10.5,11.399999618530272,12.075000047683716,11.700000286102295,8.399999618530273
2018-08-16,10.199999809265137,10.800000190734863,9.899999618530272,10.5,39583,0,0.0,0.029411783955364257,0.08883248960317473,10.777499914169312,12.014857775548059,9.540142052790564,10.5,11.399999618530272,12.224999904632568,11.700000286102295,8.399999618530273
2018-08-17,10.5,11.100000381469728,10.199999809265137,10.800000190734863,34033,0,0.0,0.028571446736653572,0.09137056234835617,10.709999942779541,11.773887538923153,9.64611234663593,10.5,11.25,12.525000095367432,11.700000286102295,8.699999809265137
2018-08-20,10.800000190734863,11.399999618530272,10.5,10.5,44433,0,0.0,-0.027777794947839718,0.08883248960317472,10.63499994277954,11.519060754806794,9.750939130752286,10.649999618530272,11.25,12.75,11.700000286102295,9.149999618530272
2018-08-21,10.5,11.100000381469728,10.199999809265137,10.199999809265137,22167,0,0.0,-0.028571446736653683,0.08629441685799327,10.544999933242797,11.185580631233288,9.904419235252307,10.649999618530272,11.25,12.975000143051147,11.700000286102295,9.0
2018-08-22,10.199999809265137,10.5,10.199999809265137,10.350000381469728,18400,0,0.0,0.014705938726424117,0.08756345726473942,10.507499933242798,11.099163484474209,9.915836382011387,10.649999618530272,11.25,13.049999952316284,11.700000286102295,8.399999618530273
2018-08-23,10.199999809265137,10.5,10.199999809265137,10.199999809265137,5283,0,0.0,-0.01449280837449507,0.08629441685799326,10.44749994277954,10.887467258441173,10.007532627117907,10.649999618530272,11.25,12.899999856948853,11.700000286102295,8.699999809265137
2018-08-24,10.5,11.100000381469728,10.229999542236328,10.800000190734863,30233,0,0.0,0.058823567910728514,0.09137056234835614,10.44749994277954,10.887467258441173,10.007532627117907,10.649999618530272,11.25,12.899999856948853,11.700000286102295,8.430000305175781
2018-08-27,10.800000190734863,11.100000381469728,10.5,10.800000190734863,14317,0,0.0,0.0,0.09137056234835614,10.454999971389771,10.913449651875588,9.996550290903954,10.649999618530272,11.25,12.899999856948853,11.700000286102295,8.399999618530273
2018-08-28,10.800000190734863,11.100000381469728,10.5,10.800000190734863,46783,0,0.0,0.0,0.09137056234835614,10.484999990463256,10.951320631059028,10.018679349867485,10.649999618530272,11.25,12.899999856948853,11.700000286102295,8.15999984741211
2018-08-29,10.800000190734863,11.100000381469728,10.800000190734863,10.800000190734863,20500,0,0.0,0.0,0.09137056234835614,10.492500019073486,10.9739407396034,10.011059298543572,10.799999713897705,11.099999904632568,12.899999856948853,11.700000286102295,8.039999961853027
2018-08-30,10.800000190734863,11.399999618530272,10.800000190734863,11.25,11750,0,0.0,0.04166664827017175,0.0951776674319729,10.530000019073487,11.114897269176943,9.945102768970031,10.799999713897705,10.799999713897705,12.075000047683716,11.700000286102295,7.800000190734863
2018-08-31,11.100000381469728,12.0,10.800000190734863,10.800000190734863,21883,0,0.0,-0.03999998304578989,0.09137056234835615,10.545000028610229,11.141450026519795,9.948550030700662,11.099999904632568,10.949999809265137,12.075000047683716,11.700000286102295,7.920000076293945
2018-09-04,11.100000381469728,11.130000114440918,10.5,10.5,13300,0,0.0,-0.027777794947839718,0.0888324896031747,10.545000028610229,11.141450026519795,9.948550030700662,11.099999904632568,10.949999809265137,11.850000143051147,11.700000286102295,7.559999942779541
2018-09-05,10.800000190734863,10.949999809265137,10.199999809265137,10.199999809265137,24083,0,0.0,-0.028571446736653683,0.08629441685799326,10.522500038146973,11.135314809910408,9.909685266383537,11.099999904632568,10.949999809265137,11.700000047683716,11.700000286102295,7.079999923706055
2018-09-06,10.199999809265137,10.5,9.899999618530272,9.899999618530272,55733,0,0.0,-0.02941178395536448,0.0837563441128118,10.492500019073486,11.163432177294096,9.821567860852875,10.949999809265137,10.949999809265137,11.625,11.700000286102295,7.260000228881836
2018-09-07,10.199999809265137,10.199999809265137,9.600000381469728,9.600000381469728,23167,0,0.0,-0.030302954406081106,0.08121827943594122,10.447500038146973,11.224034054947005,9.670966021346942,10.800000190734863,10.800000190734863,11.625,11.700000286102295,7.139999866485596
2018-09-10,9.600000381469728,9.779999732971191,9.300000190734863,9.300000190734863,26917,0,0.0,-0.03125001862645094,0.07868020669075976,10.39500002861023,11.320295393705496,9.469704663514964,10.650000095367432,10.650000095367432,11.625,11.700000286102295,7.150000095367432
2018-09-11,9.300000190734863,9.600000381469728,9.0,9.0,40817,0,0.0,-0.03225808436366906,0.07614213394557831,10.350000047683716,11.441745015483253,9.25825507988418,10.5,10.5,11.625,11.700000286102295,7.059999942779541
2018-09-12,9.0,9.600000381469728,9.0,9.300000190734863,21900,0,0.0,0.03333335452609587,0.07868020669075976,10.290000057220459,11.47140346460095,9.108596649839967,10.5,10.5,11.549999952316284,11.700000286102295,6.800000190734863
2018-09-13,9.0,9.300000190734863,8.399999618530273,8.550000190734863,84000,0,0.0,-0.08064515963636087,0.07233502886196157,10.207500076293945,11.614163502424516,8.800836650163374,10.199999809265137,10.199999809265137,11.399999856948853,11.700000286102295,6.070000171661377
2018-09-14,8.699999809265137,9.0,8.399999618530273,8.699999809265137,26467,0,0.0,0.017543814641410194,0.07360406120039688,10.117500066757202,11.662859521216781,8.572140612297623,9.764999866485596,10.199999809265137,11.324999809265137,11.700000286102295,5.900000095367432
2018-09-17,8.699999809265137,9.0,8.399999618530273,8.699999809265137,142467,0,0.0,0.0,0.07360406120039688,10.012500047683716,11.642111232707517,8.382888862659915,9.674999713897705,10.199999809265137,11.25,11.700000286102295,5.760000228881836
2018-09-18,8.699999809265137,9.0,8.399999618530273,8.399999618530273,43017,0,0.0,-0.03448278130022209,0.07106598845521543,9.90750002861023,11.664976270277135,8.150023786943324,9.449999809265137,10.199999809265137,10.949999809265137,11.700000286102295,5.300000190734863
2018-09-19,8.399999618530273,9.0,8.399999618530273,8.550000190734863,44500,0,0.0,0.01785721178768762,0.07233502886196158,9.825000047683716,11.673376930308914,7.976623165058518,9.299999713897705,10.199999809265137,10.949999809265137,11.700000286102295,5.099999904632568
2018-09-20,8.399999618530273,8.699999809265137,8.100000381469727,8.399999618530273,67550,0,0.0,-0.017543926182263303,0.07106598845521545,9.727500009536744,11.659571048398284,7.795428970675204,8.940000057220459,10.050000190734863,10.949999809265137,11.700000286102295,5.21999979019165
2018-09-21,8.100000381469727,8.399999618530273,7.800000190734863,8.399999618530273,68000,0,0.0,0.0,0.07106598845521545,9.6375,11.640326414268655,7.634673585731344,8.700000286102295,9.900000095367432,10.949999809265137,11.700000286102295,5.690000057220459
2018-09-24,8.100000381469727,8.399999618530273,8.100000381469727,8.399999618530273,22617,0,0.0,0.0,0.07106598845521545,9.517499971389771,11.514867552983105,7.520132389796436,8.700000286102295,9.900000095367432,10.949999809265137,12.0,5.78000020980835
2018-09-25,8.399999618530273,8.699999809265137,8.100000381469727,8.699999809265137,42567,0,0.0,0.035714310042713304,0.07360406120039689,9.412499952316285,11.348334754060026,7.4766651505725426,8.550000190734863,9.900000095367432,10.875,12.450000286102295,5.900000095367432
2018-09-26,8.699999809265137,9.600000381469728,8.430000305175781,9.149999618530272,52617,0,0.0,0.051724117141462855,0.07741116628401362,9.329999923706055,11.158829880148586,7.501169967263523,8.700000286102295,9.900000095367432,10.949999809265137,12.599999904632568,5.949999809265137
2018-09-27,9.300000190734863,9.600000381469728,9.0,9.0,37133,0,0.0,-0.016393401615722225,0.07614213394557832,9.239999914169312,10.94204907297476,7.537950755363864,8.700000286102295,9.900000095367432,10.949999809265137,12.599999904632568,5.880000114440918
2018-09-28,9.0,9.468000411987305,8.399999618530273,8.399999618530273,18333,0,0.0,-0.06666670905219185,0.07106598845521543,9.097499895095826,10.560598096744476,7.634401693447176,8.700000286102295,9.900000095367432,10.949999809265137,12.599999904632568,5.579999923706055
2018-10-01,8.579999923706055,9.0600004196167,8.442000389099121,8.699999809265137,32700,0,0.0,0.035714310042713304,0.07360406120039688,8.99249987602234,10.234261974877747,7.750737777166933,8.700000286102295,9.900000095367432,10.949999809265137,12.599999904632568,6.010000228881836
2018-10-02,8.640000343322754,8.89799976348877,8.399999618530273,8.430000305175781,36200,0,0.0,-0.03103442643778187,0.07131980137755117,8.888999891281127,9.939305526320819,7.838694256241436,8.700000286102295,9.900000095367432,10.949999809265137,12.599999904632568,6.5
2018-10-03,8.399999618530273,8.699999809265137,8.100000381469727,8.399999618530273,52150,0,0.0,-0.003558800184987887,0.07106598845521545,8.798999881744384,9.677195632968868,7.9208041305199,8.700000286102295,9.900000095367432,10.949999809265137,12.599999904632568,6.5
2018-10-04,8.34000015258789,8.699999809265137,8.100000381469727,8.15999984741211,23917,0,0.0,-0.028571402621105912,0.06903553348639462,8.711999893188477,9.472318507290101,7.951681279086851,8.850000381469727,9.900000095367432,10.949999809265137,12.599999904632568,7.03000020980835
2018-10-05,8.220000267028809,8.399999618530273,7.920000076293945,8.039999961853027,33400,0,0.0,-0.014705868603311245,0.06802030600198421,8.633999872207642,9.330671966889408,7.937327777525876,8.760000228881836,9.900000095367432,10.949999809265137,12.599999904632568,6.519999980926514
2018-10-08,8.100000381469727,8.220000267028809,7.800000190734863,7.800000190734863,18417,0,0.0,-0.029850717942397798,0.06598985103316339,8.558999872207641,9.275628957494266,7.842370786921017,8.700000286102295,9.900000095367432,10.799999713897705,12.299999713897705,6.409999847412109
2018-10-09,7.800000190734863,8.039999961853027,7.559999942779541,7.920000076293945,34783,0,0.0,0.015384600336500354,0.0670050785175738,8.504999876022339,9.243242166173264,7.766757585871414,8.580000162124634,9.34500002861023,11.024999856948853,12.299999713897705,6.239999771118164
2018-10-10,7.920000076293945,8.15999984741211,7.380000114440918,7.559999942779541,31700,0,0.0,-0.04545456187455765,0.06395939203018715,8.417999863624573,9.171103809746652,7.664895917502493,8.424000263214111,9.164999961853027,11.024999856948853,11.849999904632568,5.909999847412109
2018-10-11,7.5,7.559999942779541,6.900000095367432,7.079999923706055,50050,0,0.0,-0.06349206649557293,0.05989847805839009,8.344499850273133,9.2951656573855,7.393834043160766,7.980000257492065,8.700000047683716,11.024999856948853,11.849999904632568,6.010000228881836
2018-10-12,7.260000228881836,7.440000057220459,6.840000152587891,7.260000228881836,24083,0,0.0,0.025423772191449423,0.06142132331916113,8.272499871253967,9.31894755085856,7.226052191649373,7.86899995803833,8.519999980926514,10.949999809265137,11.699999809265137,5.662000179290772
2018-10-15,7.320000171661377,7.800000190734863,7.079999923706055,7.139999866485596,58333,0,0.0,-0.01652897501557271,0.0604060918005953,8.19449987411499,9.331521566456251,7.05747818177373,7.769999980926514,8.309999942779541,10.800000190734863,11.550000190734863,5.920000076293945
2018-10-16,6.519999980926514,7.699999809265137,6.25,7.150000095367432,67300,0,0.1666666666666666,0.0014005923065596448,0.06049069610804055,8.131999897956849,9.352273812530388,6.9117259833833105,7.474999904632568,7.925000190734864,10.650000095367432,11.400000095367432,5.889999866485596
2018-10-17,6.949999809265137,7.199999809265137,6.875,7.059999942779541,45000,0,0.0,-0.01258743376048388,0.05972927347765503,8.057499885559082,9.347325401743328,6.767674369374836,7.324999809265137,7.925000190734864,10.5,11.25,5.619999885559082
2018-10-18,6.5,7.25,6.5,6.800000190734863,69400,0,0.0,-0.03682716064475133,0.057529613928099146,7.977499914169312,9.36810226543753,6.586897562901093,7.235000133514404,7.925000190734864,10.5,11.25,5.815000057220459
2018-10-19,6.510000228881836,6.849999904632568,5.789999961853027,6.070000171661377,61000,0,0.0,-0.10735294097022618,0.05135364068003602,7.860999941825867,9.46676366792023,6.255236215731504,6.974999904632568,7.695000171661378,10.199999809265137,10.949999809265137,5.550000190734863
2018-10-22,6.090000152587891,6.570000171661377,5.800000190734863,5.900000095367432,35700,0,0.0,-0.02800660156281609,0.049915399726710226,7.735999965667725,9.53435379216394,5.937646139171511,6.974999904632568,7.695000171661378,9.982499837875366,10.949999809265137,5.5
2018-10-23,5.699999809265137,5.900000095367432,5.460000038146973,5.760000228881836,73300,0,0.0,-0.023728790546210465,0.04873096766156475,7.58899998664856,9.525043480837338,5.652956492459781,6.630000114440918,7.5300002098083505,9.937499761581421,10.949999809265137,5.820000171661377
2018-10-24,5.559999942779541,5.960000038146973,5.210000038146973,5.300000190734863,67100,0,0.0,-0.07986111456045386,0.04483925827050275,7.396500015258789,9.437360981261405,5.355639049256174,6.505000114440918,7.4050002098083505,9.824999809265137,10.649999618530273,5.519999980926514
2018-10-25,5.349999904632568,5.550000190734863,5.09499979019165,5.099999904632568,117000,0,0.0,-0.03773590168014018,0.04314720842899665,7.201500010490418,9.336401877895698,5.0665981430851375,6.447499990463257,7.347500085830689,9.749999761581421,10.649999618530273,5.25
2018-10-26,5.010000228881836,5.375,5.0,5.21999979019165,69500,0,0.0,0.023529389765297948,0.04416243591340706,7.042500019073486,9.269384609121204,4.815615429025768,6.349999904632568,7.300000190734864,9.495000123977661,10.5,5.03000020980835
2018-10-29,5.340000152587891,5.949999809265137,5.03000020980835,5.690000057220459,44800,0,0.0,0.09003836895011696,0.0481387496119143,6.892000031471253,9.05574729568735,4.728252767255154,6.125,7.300000190734864,9.300000190734863,10.349999904632568,5.099999904632568
2018-10-30,5.639999866485596,5.949999809265137,5.460000038146973,5.78000020980835,30700,0,0.0,0.01581724985638311,0.04890017224229981,6.759500026702881,8.85295566083616,4.666044392569601,6.125,7.300000190734864,9.300000190734863,10.349999904632568,4.599999904632568
2018-10-31,5.949999809265137,6.0,5.21999979019165,5.900000095367432,147200,0,0.0,0.020761225121661564,0.049915399726710226,6.634500050544739,8.615559768272178,4.653440332817301,5.924999952316284,7.300000190734864,9.225000143051147,10.200000286102295,4.789999961853027
2018-11-01,5.78000020980835,6.400000095367432,5.294000148773193,5.949999809265137,61600,0,0.0,0.008474527642289953,0.050338409161470185,6.52400004863739,8.394676594031234,4.653323503243547,5.7850000858306885,7.300000190734864,9.300000190734863,10.200000286102295,4.820000171661377
2018-11-02,5.920000076293945,6.090000152587891,5.690000057220459,5.880000114440918,47400,0,0.0,-0.011764654969436794,0.049746195145975156,6.4160000562667845,8.168551368588783,4.663448743944786,5.700000047683716,7.234000205993652,9.300000190734863,10.200000286102295,4.78000020980835
2018-11-05,5.849999904632568,6.070000171661377,5.550000190734863,5.579999923706055,39000,0,0.0,-0.0510204396081696,0.04720812240079371,6.305000042915344,7.971024323555451,4.638975762275237,5.700000047683716,7.03000020980835,9.300000190734863,10.200000286102295,4.710000038146973
2018-11-06,5.639999866485596,6.320000171661377,5.639999866485596,6.010000228881836,68700,0,0.0,0.07706098764427738,0.05084602693783081,6.209500050544738,7.702482432755676,4.716517668333801,5.700000047683716,6.948999881744385,9.300000190734863,10.200000286102295,4.420000076293945
2018-11-07,6.050000190734863,6.743000030517578,5.949999809265137,6.5,94600,0,0.0,0.08153074084147405,0.0549915411829177,6.156500053405762,7.522493077255735,4.790507029555789,5.871500015258789,6.849999904632568,9.300000190734863,10.200000286102295,3.859999895095825
2018-11-08,6.539999961853027,6.565000057220459,5.699999809265137,6.5,34500,0,0.0,0.0,0.0549915411829177,6.127500057220459,7.436681175148706,4.818318939292212,5.886500120162964,6.849999904632568,9.300000190734863,10.200000286102295,3.5999999046325684
2018-11-09,6.659999847412109,7.090000152587891,6.630000114440918,7.03000020980835,70200,0,0.0,0.08153849381666922,0.059475468623630144,6.116000056266785,7.388315112457166,4.843685000076404,6.1549999713897705,6.699999809265137,9.375000238418579,10.200000286102295,3.5299999713897705
2018-11-12,7.010000228881836,7.070000171661377,6.340000152587891,6.519999980926514,46000,0,0.0,-0.07254626083371618,0.05516074576365277,6.085000061988831,7.283285969364523,4.886714154613139,6.1549999713897705,6.610000133514404,9.330000162124634,10.050000190734863,3.450000047683716
2018-11-13,6.909999847412109,6.909999847412109,6.099999904632568,6.409999847412109,69900,0,0.0,-0.016871186171195762,0.05423011855253219,6.048000049591065,7.153613467160228,4.942386632021901,6.192000150680542,6.579999923706055,9.300000190734863,9.900000095367432,3.380000114440918
2018-11-14,6.599999904632568,6.599999904632568,5.550000190734863,6.239999771118164,50900,0,0.0,-0.026521073376090443,0.0527918775992064,6.007000041007996,7.014951336789956,4.999048745226036,6.320000171661377,6.579999923706055,8.962500095367432,9.77999997138977,3.400000095367432
2018-11-15,5.840000152587891,6.170000076293945,5.599999904632568,5.909999847412109,28500,0,0.0,-0.05288460509781734,0.05000000000000006,5.962500023841858,6.902028526010249,5.022971521673466,6.320000171661377,6.400000095367432,8.79450011253357,9.690000057220459,3.400000095367432
2018-11-16,5.820000171661377,6.179999828338623,5.820000171661377,6.010000228881836,43900,0,0.0,0.016920538756615144,0.050846026937830816,5.959500026702881,6.8980079103981975,5.020992143007565,6.320000171661377,6.400000095367432,8.34000015258789,9.450000047683716,3.2300000190734863
2018-11-19,6.139999866485596,6.139999866485596,5.380000114440918,5.662000179290772,78400,0,0.0,-0.05790350022262969,0.04790186400571629,5.947600030899048,6.8949139288500785,5.000286132948018,6.235000133514404,6.400000095367432,8.194499969482422,9.420000076293945,3.4100000858306885
2018-11-20,5.610000133514404,5.980000019073486,5.449999809265137,5.920000076293945,70800,0,0.0,0.0455669178441267,0.050084604307445296,5.955600023269653,6.899095145553388,5.012104900985919,6.235000133514404,6.349999904632568,8.039999961853027,9.420000076293945,3.5199999809265137
2018-11-21,5.599999904632568,6.0,5.561999797821045,5.889999866485596,8500,0,0.0,-0.005067602942858462,0.04983079541926499,5.98510000705719,6.8798797295806695,5.09032028453371,6.235000133514404,6.125,7.700000047683716,9.125,3.640000104904175
2018-11-23,5.96999979019165,5.980000019073486,5.400000095367432,5.619999885559082,11200,0,0.0,-0.0458404052711151,0.047546531562263857,6.011100006103516,6.827465699915998,5.194734312291033,6.2250001430511475,6.125,7.625,9.125,3.609999895095825
2018-11-26,5.699999809265137,5.880000114440918,5.519999980926514,5.815000057220459,12700,0,0.0,0.034697540148077355,0.04919627925004733,6.040850019454956,6.778488820946087,5.303211217963824,6.144999980926514,6.045000076293945,7.580000162124634,9.125,3.880000114440918
2018-11-27,5.639999866485596,5.690000057220459,5.420000076293945,5.550000190734863,18300,0,0.0,-0.04557177366774856,0.04695431754676882,6.0338500261306764,6.787334220204973,5.28036583205638,5.990000009536743,6.045000076293945,7.335000038146973,8.894999980926514,3.940000057220459
2018-11-28,5.570000171661377,5.659999847412109,5.420000076293945,5.5,11000,0,0.0,-0.009009043066040445,0.04653130407785344,6.019850015640259,6.801860228392559,5.237839802887959,5.7799999713897705,6.045000076293945,7.335000038146973,8.894999980926514,3.940000057220459
2018-11-29,5.539999961853027,5.820000171661377,5.389999866485596,5.820000171661377,16800,0,0.0,0.05818184939297755,0.04923858140376995,6.015850019454956,6.801118420433103,5.230581618476809,5.7799999713897705,6.045000076293945,7.080000162124634,8.730000019073486,3.9700000286102295
2018-11-30,5.760000228881836,5.760000228881836,5.5,5.519999980926514,28900,0,0.0,-0.05154642300452461,0.046700508658588505,5.994350028038025,6.808974020613634,5.179726035462416,5.759999990463257,6.045000076293945,6.955000162124634,8.605000019073486,3.869999885559082
2018-12-03,5.619999885559082,5.849999904632568,5.230000019073486,5.25,20000,0,0.0,-0.048913040191930435,0.04441624480158737,5.962850022315979,6.839765339672661,5.085934704959296,5.615000009536743,6.045000076293945,6.897500038146973,8.547499895095825,3.869999885559082
2018-12-04,5.260000228881836,5.440000057220459,4.820000171661377,5.03000020980835,63600,0,0.0,-0.04190472194126671,0.04255499441350162,5.935350036621093,6.890459273830715,4.9802407994114715,5.4100000858306885,5.955000162124634,6.825000047683716,8.5,3.849999904632568
2018-12-06,4.900000095367432,5.230000019073486,4.866000175476074,5.099999904632568,39300,0,0.0,0.013916439742432063,0.04314720842899665,5.88985002040863,6.911527595456544,4.868172445360717,5.400000095367432,5.955000162124634,6.712500095367432,8.5,3.940000057220459
2018-12-07,5.130000114440918,5.130000114440918,4.590000152587891,4.599999904632568,20500,0,0.0,-0.09803921751955846,0.03891708987646452,5.794850015640259,6.9211019772878855,4.668598053992633,5.235000133514404,5.840000152587891,6.712500095367432,8.5,3.900000095367432
2018-12-10,4.699999809265137,4.820000171661377,4.090000152587891,4.789999961853027,75400,0,0.0,0.041304361121641264,0.04052453541052538,5.7093500137329105,6.868013843716395,4.550686183749426,4.9700000286102295,5.590000152587891,6.612500071525574,8.5,3.690000057220459
2018-12-11,4.570000171661377,4.829999923706055,4.006999969482422,4.820000171661377,36200,0,0.0,0.006263091867905635,0.04077834429870569,5.5988500118255615,6.647851670583664,4.549848353067459,4.928499937057495,5.548500061035156,6.542500138282776,8.5,3.7200000286102295
2018-12-12,4.869999885559082,4.880000114440918,4.559999942779541,4.78000020980835,52600,0,0.0,-0.008298746976857507,0.04043993513723555,5.511850023269654,6.528612955747565,4.495087090791742,4.928499937057495,5.548500061035156,6.467000126838684,8.5,3.609999895095825
2018-12-13,4.659999847412109,4.820000171661377,4.382999897003174,4.710000038146973,57000,0,0.0,-0.014644386734071646,0.039847717087585104,5.426850032806397,6.412492010797977,4.441208054814816,4.928499937057495,5.548500061035156,6.365000128746033,8.5,3.5
2018-12-14,4.78000020980835,4.789999961853027,4.420000076293945,4.420000076293945,15900,0,0.0,-0.06157111666757442,0.0373942486498489,5.335850048065185,6.340480443601799,4.3312196525285716,4.928499937057495,5.548500061035156,6.32449996471405,8.5,3.3499999046325684
2018-12-17,3.920000076293945,4.315000057220459,3.75,3.859999895095825,99900,0,0.0,-0.12669687138731134,0.032656514338033855,5.2333500504493715,6.391167617079292,4.075532483819451,4.5950000286102295,5.420000076293945,6.360749959945679,8.5,3.470000028610229
2018-12-18,3.900000095367432,3.900000095367432,3.490000009536743,3.5999999046325684,74600,0,0.0,-0.06735751231330078,0.030456852771400256,5.112850034236908,6.416412306718616,3.8092877617552006,4.360000014305115,5.290000081062317,6.368250012397766,8.5,3.539999961853028
2018-12-19,3.630000114440918,3.799999952316284,3.470000028610229,3.5299999713897705,43000,0,0.0,-0.019444426415878624,0.029864636738827513,5.006250023841858,6.455014221720635,3.5574858259630804,4.300000071525574,5.270000100135803,6.427499890327454,8.5,3.690000057220459
2018-12-20,3.5,3.539999961853028,3.140000104904175,3.450000047683716,125400,0,0.0,-0.022662868089077803,0.02918781841588724,4.882750022411346,6.418364042027439,3.3471360027952537,4.010000109672546,5.024999976158142,6.382500052452087,8.5,3.7899999618530273
2018-12-21,3.2300000190734863,3.450000047683716,3.13100004196167,3.380000114440918,81200,0,0.0,-0.02028983544211682,0.0285956023833145,4.757250034809113,6.3528326248436775,3.1616674447745483,4.005500078201294,4.865499973297119,6.386000037193298,8.5,4.019999980926514
2018-12-24,3.390000104904175,3.4100000858306885,3.109999895095825,3.400000095367432,59300,0,0.0,0.005917153919925866,0.02876480696404957,4.64625004529953,6.294892481391274,2.997607609207785,3.9950000047683716,4.644999861717224,6.450000047683716,8.065000057220459,4.199999809265137
2018-12-26,3.25,3.450000047683716,3.069999933242798,3.400000095367432,60400,0,0.0,0.0,0.02876480696404957,4.5255000472068785,6.167725188681002,2.8832749057327547,3.9450000524520874,4.6249998807907104,6.360000133514404,7.974999904632568,4.25
2018-12-27,3.390000104904175,3.390000104904175,3.1760001182556152,3.2300000190734863,28800,0,0.0,-0.05000002103693302,0.027326566010723773,4.4095000386238095,6.073714777547553,2.7452852997000656,3.9299999475479126,4.604999899864197,6.360000133514404,7.75,4.449999809265137
2018-12-28,3.2300000190734863,3.7799999713897705,3.220000028610229,3.4100000858306885,104200,0,0.0,0.05572757451835386,0.028849409254417098,4.305000042915344,5.944206280955678,2.66579380487501,3.6924999952316284,4.534999966621399,6.317500114440918,7.599999904632568,4.695000171661377
2018-12-31,3.4200000762939453,3.640000104904175,3.2699999809265137,3.5199999809265137,84200,0,0.0,0.03225803294049734,0.029780034448459974,4.190000033378601,5.704609481605669,2.675390585151533,3.4850000143051147,4.534999966621399,6.292500019073486,7.389999866485596,4.980000019073486
2019-01-02,3.5,3.799999952316284,3.440000057220459,3.640000104904175,20900,0,0.0,0.034090944496560915,0.030795263949948096,4.0960000395774845,5.49664997074283,2.695350108412139,3.434999942779541,4.524999976158142,6.180000066757202,7.300000190734864,4.78000020980835
2019-01-03,3.680000066757202,3.809999942779541,3.359999895095825,3.609999895095825,27000,0,0.0,-0.00824181564388704,0.030541455061767784,4.014000034332275,5.322864893829673,2.7051351748348766,3.4399999380111694,4.475000023841858,6.175000071525574,7.300000190734864,4.820000171661377
2019-01-04,3.700000047683716,3.920000076293945,3.700000047683716,3.880000114440918,40600,0,0.0,0.07479230670114068,0.032825720935846625,3.956500029563904,5.179069692065582,2.733930367062226,3.4950000047683716,4.459999918937683,6.0950000286102295,7.300000190734864,4.840000152587891
2019-01-07,3.900000095367432,3.9800000190734863,3.7699999809265137,3.940000057220459,47200,0,0.0,0.015463902322123246,0.033333334678051836,3.8985000371932985,5.001562587689248,2.795437486697349,3.524999976158142,4.459999918937683,6.017500042915344,7.300000190734864,4.767000198364258
2019-01-08,3.9700000286102295,4.28000020980835,3.940000057220459,3.940000057220459,81000,0,0.0,0.0,0.033333334678051836,3.865500044822693,4.920579979917943,2.810420109727443,3.6750000715255737,4.459999918937683,5.912500023841858,7.300000190734864,4.699999809265137
2019-01-09,3.990000009536743,4.017000198364258,3.849999904632568,3.9700000286102295,3800,0,0.0,0.007614205825909215,0.03358714154915444,3.824500048160553,4.791863814625828,2.857136281695277,3.7280001640319824,4.459999918937683,5.912500023841858,7.300000190734864,4.760000228881836
2019-01-10,3.849999904632568,3.990000009536743,3.849999904632568,3.869999885559082,16100,0,0.0,-0.02518895272808208,0.03274111662840139,3.777000033855438,4.629474971003937,2.9245250967069394,3.7500001192092896,4.459999918937683,5.902500033378601,7.300000190734864,5.25
2019-01-11,3.829999923706055,3.9700000286102295,3.799999952316284,3.869999885559082,32500,0,0.0,0.0,0.03274111662840139,3.7315000176429747,4.450308814839234,3.0126912204467153,3.7750000953674316,4.254999995231628,5.830000042915344,7.300000190734864,5.079999923706055
2019-01-14,3.9609999656677246,3.9700000286102295,3.7799999713897705,3.849999904632568,16800,0,0.0,-0.005167953880604537,0.03257191204766632,3.6885000109672545,4.252822180544822,3.124177841389687,3.8200000524520874,4.149999976158142,5.682500123977661,7.210000276565553,5.044000148773193
2019-01-15,3.930000066757202,3.940000057220459,3.7100000381469727,3.940000057220459,18500,0,0.0,0.02337666358889967,0.03333333467805184,3.6645000100135805,4.134318264524634,3.1946817555025273,3.8200000524520874,4.100000023841858,5.677500128746033,7.210000276565553,5.349999904632568
2019-01-16,3.829999923706055,3.990000009536743,3.740000009536743,3.900000095367432,10700,0,0.0,-0.010152274434545472,0.03299492551658171,3.6665000200271605,4.1399963565405065,3.193003683513814,3.9900001287460327,3.975000023841858,5.5375001430511475,7.0950002670288095,5.579999923706055
2019-01-17,3.920000076293945,3.9600000381469727,3.680000066757202,3.690000057220459,19100,0,0.0,-0.053846162310718704,0.031218275401785775,3.671000027656555,4.143582737522493,3.198417317790617,3.980000138282776,3.975000023841858,5.28000009059906,6.8450002670288095,5.309999942779541
2019-01-18,3.670000076293945,3.9179999828338623,3.670000076293945,3.7200000286102295,8500,0,0.0,0.008130073421291018,0.03147208227288838,3.680500030517578,4.1489391303535275,3.212060930681629,3.9750001430511475,3.975000023841858,5.238499999046326,6.803500175476075,5.389999866485596
2019-01-22,3.7300000190734863,3.759999990463257,3.609999895095825,3.609999895095825,3300,0,0.0,-0.029569928136667145,0.03054145506176779,3.6885000228881837,4.14614502573486,3.230855020041507,3.8135000467300415,3.9450000524520874,5.238499999046326,6.737500190734863,5.829999923706055
2019-01-23,3.650000095367432,3.7100000381469727,3.430000066757202,3.5,8600,0,0.0,-0.030470885953559068,0.029610829867724914,3.6945000171661375,4.138611270617974,3.250388763714301,3.7100000381469727,3.9299999475479126,5.238499999046326,6.5335001945495605,5.869999885559082
2019-01-24,3.5199999809265137,3.700000047683716,3.220000028610229,3.3499999046325684,12900,0,0.0,-0.04285717010498047,0.02834179349513419,3.6920000076293946,4.14329759264353,3.2407024226152594,3.6050000190734863,3.6924999952316284,5.238499999046326,6.452499866485596,5.920000076293945
2019-01-25,3.509999990463257,3.819999933242798,3.400000095367432,3.470000028610229,30800,0,0.0,0.0358209335503914,0.02935702299662231,3.6955000042915342,4.138608574651388,3.25239143393168,3.6050000190734863,3.6750000715255737,5.007500052452087,6.224999904632568,6.239999771118164
2019-01-28,3.470000028610229,3.7799999713897705,3.470000028610229,3.539999961853028,9400,0,0.0,0.020172891258111836,0.02994923902919506,3.7110000014305116,4.10653785668092,3.315462146180103,3.6050000190734863,3.6750000715255737,4.825000047683716,6.09499990940094,6.739999771118164
2019-01-29,3.690000057220459,3.700000047683716,3.5,3.690000057220459,33300,0,0.0,0.04237290875249422,0.03121827540178578,3.725,4.095713122526166,3.354286877473834,3.6050000190734863,3.6750000715255737,4.7850000858306885,5.9349998235702515,6.730000019073486
2019-01-30,3.609999895095825,3.924999952316284,3.549999952316284,3.7899999618530273,33600,0,0.0,0.027100244737636725,0.03206429830546112,3.7384999990463257,4.097733174012869,3.379266824079783,3.590000033378601,3.6750000715255737,4.517500042915344,5.680000185966492,6.650000095367432
2019-01-31,3.75,4.5,3.700000047683716,4.019999980926514,71500,0,0.0,0.060686021474531504,0.03401015300099212,3.7574999928474426,4.133862750174599,3.381137235520287,3.8600000143051147,3.784999966621399,4.4355000257492065,5.64549994468689,6.550000190734863
2019-02-01,4.139999866485596,4.635000228881836,4.0,4.199999809265137,30800,0,0.0,0.04477607691359675,0.035532994227607737,3.786999988555908,4.203318205250486,3.3706817718613302,3.9275001287460327,3.852500081062317,4.319999933242798,5.634999871253967,6.559999942779541
2019-02-04,4.054999828338623,4.320000171661377,4.054999828338623,4.25,106300,0,0.0,0.011904807858458266,0.035956007696523115,3.8054999828338625,4.26759444005584,3.3434055256118853,3.9275001287460327,3.9055001735687256,4.284999966621399,5.435000061988831,6.349999904632568
2019-02-05,4.210000038146973,4.5,4.181000232696533,4.449999809265137,9100,0,0.0,0.04705877865062047,0.037648053503873805,3.830999970436096,4.370656919400106,3.2913430214720867,3.9275001287460327,3.9275001287460327,4.267499923706055,5.435000061988831,6.070000171661377
2019-02-06,4.460000038146973,4.806000232696533,4.449999809265137,4.695000171661377,20500,0,0.0,0.05505626357244697,0.039720814660572666,3.868749976158142,4.527535567053524,3.2099643852627606,4.103000164031982,4.013000130653381,4.113749980926514,5.435000061988831,6.019999980926514
2019-02-07,4.739999771118164,5.0,4.599999904632568,4.980000019073486,43700,0,0.0,0.060702840679824455,0.04213198094458624,3.919249975681305,4.738574137541846,3.0999258138207635,4.235000014305115,4.110000014305115,4.009999990463257,5.384999871253967,6.599999904632568
2019-02-08,4.96999979019165,4.96999979019165,4.699999809265137,4.78000020980835,26200,0,0.0,-0.040160604116291965,0.04043993513723556,3.9647499918937683,4.865988223698425,3.063511760089112,4.25,4.110000014305115,3.9799999594688416,5.159999966621399,7.690000057220459
2019-02-11,4.889999866485596,4.96999979019165,4.75,4.820000171661377,13600,0,0.0,0.008368192488977133,0.04077834429870569,4.012250006198883,4.9865104657621515,3.0379895466356146,4.274999976158142,4.110000014305115,3.9574999809265137,5.159999966621399,8.180000305175781
2019-02-12,4.940000057220459,4.960000038146973,4.75,4.840000152587891,24200,0,0.0,0.004149373488428809,0.040947548879440764,4.0617500185966495,5.097359360517096,3.026140676676203,4.350000023841858,4.110000014305115,3.9774999618530273,5.080000042915344,7.840000152587891
2019-02-13,4.829999923706055,4.920000076293945,4.75,4.767000198364258,17100,0,0.0,-0.015082634694670527,0.040329951958049996,4.1031000256538395,5.181589727984628,3.0246103233230515,4.5,4.110000014305115,3.9924999475479126,5.080000042915344,8.265000343322754
2019-02-14,4.77400016784668,4.960000038146973,4.699999809265137,4.699999809265137,10100,0,0.0,-0.01405504223014542,0.039763112780139866,4.143100011348724,5.247802552663725,3.0383974700337233,4.5274999141693115,4.110000014305115,4.067499995231628,5.080000042915344,8.199999809265137
2019-02-15,4.723999977111816,5.0,4.699999809265137,4.760000228881836,30300,0,0.0,0.012766047245027501,0.04027073055650049,4.196600019931793,5.3120507663202705,3.0811492735433164,4.590500116348267,4.110000014305115,4.094000041484833,5.080000042915344,7.369999885559082
2019-02-19,4.760000228881836,5.289999961853027,4.760000228881836,5.25,14100,0,0.0,0.10294112343630468,0.04441624480158737,4.273100018501282,5.4558925252507136,3.09030751175185,4.869999885559082,4.254999995231628,4.105000019073486,5.080000042915344,7.369999885559082
2019-02-20,5.25,5.25,5.025000095367432,5.079999923706055,13600,0,0.0,-0.032380966913132414,0.04297800384826158,4.346600019931794,5.538192446708138,3.15500759315545,4.944999933242798,4.254999995231628,4.01500004529953,5.080000042915344,7.010000228881836
2019-02-21,5.090000152587891,5.340000152587891,4.947000026702881,5.044000148773193,28900,0,0.0,-0.007086569975103041,0.04267343721660063,4.4238000273704525,5.585357111845216,3.262242942895689,5.019999980926514,4.28000009059906,3.9850000143051147,5.080000042915344,7.039999961853027
2019-02-22,5.289999961853027,5.349999904632568,5.070000171661377,5.349999904632568,17200,0,0.0,0.060666087794188694,0.04526226770526272,4.523800027370453,5.641427216490225,3.4061728382506806,5.0249998569488525,4.284999966621399,3.9600000381469727,5.080000042915344,7.25
2019-02-25,5.400000095367432,5.579999923706055,5.260000228881836,5.579999923706055,28600,0,0.0,0.04299065853708317,0.047208122400793716,4.6293000221252445,5.727073220146162,3.5315268241043274,5.139999866485596,4.399999976158142,3.9825000762939453,5.080000042915344,7.199999809265137
2019-02-26,5.639999866485596,5.840000152587891,5.28000020980835,5.309999942779541,10600,0,0.0,-0.04838709401759067,0.044923858543792584,4.71780002117157,5.73131178772557,3.7042882546175697,5.269999980926514,4.53000009059906,3.977500081062317,5.080000042915344,7.5
2019-02-27,5.320000171661377,5.650000095367432,5.170000076293945,5.389999866485596,14100,0,0.0,0.015065899165373375,0.04560067686673286,4.802800011634827,5.7386216403952135,3.86697838287444,5.269999980926514,4.53000009059906,3.9750000834465027,5.080000042915344,7.190000057220459
2019-02-28,5.389999866485596,5.931000232696533,5.320000171661377,5.829999923706055,39600,0,0.0,0.08163266569936845,0.049323181677059784,4.904800009727478,5.8211132737435305,3.988486745711426,5.315500020980835,4.575500130653381,3.8792500495910645,5.080000042915344,6.96999979019165
2019-03-01,5.889999866485596,5.96999979019165,5.193999767303467,5.869999885559082,9500,0,0.0,0.006861057011403826,0.04966159083852992,4.997300004959106,5.911140215959861,4.083459793958351,5.365000009536743,4.59499990940094,3.8199999928474426,5.080000042915344,6.559999942779541
2019-03-04,5.558000087738037,5.920000076293945,5.558000087738037,5.920000076293945,11500,0,0.0,0.008517920223111153,0.0500846043074453,5.083300018310547,6.004606624023667,4.161993412597427,5.458499908447266,4.684999942779541,3.6487500071525574,5.080000042915344,6.5
2019-03-05,5.599999904632568,6.239999771118164,5.599999904632568,6.239999771118164,21000,0,0.0,0.054054001807470664,0.05279187759920641,5.182800006866455,6.1517651730261385,4.213834840706772,5.5934998989105225,4.854999899864197,3.64000004529953,5.080000042915344,6.579999923706055
2019-03-06,6.840000152587891,6.840000152587891,6.260000228881836,6.739999771118164,52600,0,0.0,0.08012820806729026,0.05702199615173854,5.297300004959107,6.423171601485675,4.171428408432539,5.955000162124634,5.170000076293945,3.64000004529953,5.080000042915344,6.550000190734863
2019-03-07,6.699999809265137,7.013999938964844,6.429999828338623,6.730000019073486,120300,0,0.0,-0.0014836427869816537,0.05693739587844871,5.399049997329712,6.651006072646371,4.1470939220130525,6.0920000076293945,5.281999945640564,3.64000004529953,5.070000052452087,6.679999828338623
2019-03-08,6.78000020980835,6.78000020980835,6.054999828338623,6.650000095367432,32800,0,0.0,-0.011887061438235813,0.05626057755550844,5.482550001144409,6.831659385419691,4.133440616869127,6.0920000076293945,5.35699999332428,3.6325000524520874,4.989999890327454,6.429999828338623
2019-03-11,6.585000038146973,6.670000076293945,6.210000038146973,6.550000190734863,24500,0,0.0,-0.01503757942834183,0.05541455465183309,5.571050000190735,6.95633445631227,4.1857655440692,6.0920000076293945,5.506999969482422,3.822499990463257,4.834999918937683,6.400000095367432
2019-03-12,6.14900016784668,6.590000152587891,6.14900016784668,6.559999942779541,26900,0,0.0,0.0015266796570208019,0.05549915492512291,5.658049988746643,7.062365175194937,4.253734802298349,6.103999853134155,5.534499883651733,3.890000104904175,4.6249998807907104,6.0
2019-03-13,6.679999828338623,6.679999828338623,6.210000038146973,6.349999904632568,14600,0,0.0,-0.03201220121626913,0.05372250481032698,5.733549976348877,7.115776973010963,4.351322979686792,6.103999853134155,5.5975000858306885,3.916500151157379,4.6249998807907104,6.230000019073486
2019-03-14,6.329999923706055,6.329999923706055,5.980000019073486,6.070000171661377,33700,0,0.0,-0.044094446799427645,0.051353640680036027,5.798699975013733,7.113000536759683,4.4843994132677825,6.28600001335144,5.73199987411499,3.9275001287460327,4.604999899864197,6.289999961853027
2019-03-15,6.150000095367432,6.349999904632568,5.929999828338623,6.019999980926514,17200,0,0.0,-0.008237263479545898,0.05093062721112064,5.864699983596802,7.079443480639455,4.649956486554149,6.306999921798706,5.806999921798706,4.058000147342682,4.534999966621399,6.840000152587891
2019-03-18,6.0,6.599999904632568,5.809999942779541,6.599999904632568,15300,0,0.0,0.09634550258200991,0.05583756408659305,5.956699967384338,7.098605327365487,4.81479460740319,6.411999940872192,5.85699987411499,4.172500014305115,4.534999966621399,6.300000190734863
2019-03-19,7.0,7.849999904632568,6.61899995803833,7.690000057220459,125200,0,0.0,0.16515154065726811,0.06505922382204284,6.078699970245362,7.401660808472086,4.755739132018637,6.829999923706055,6.2749998569488525,4.180000007152557,4.524999976158142,5.650000095367432
2019-03-20,7.639999866485596,8.569999694824219,7.210000038146973,8.180000305175781,76300,0,0.0,0.06371914750445828,0.06920474210128515,6.233699989318848,7.76476802558951,4.7026319530481855,7.18999981880188,6.634999752044678,4.192499995231628,4.475000023841858,5.789999961853027
2019-03-21,8.210000038146973,8.288999557495117,7.840000152587891,7.840000152587891,20200,0,0.0,-0.041564809279134196,0.06632826019463356,6.3734999895095825,7.954844537587812,4.792155441431353,7.18999981880188,6.634999752044678,4.230000019073486,4.459999918937683,6.449999809265137
2019-03-22,7.840000152587891,8.279999732971191,7.820000171661377,8.265000343322754,43200,0,0.0,0.054209206946836064,0.06992386257794804,6.519250011444091,8.229902567329269,4.808597455558913,7.18999981880188,6.634999752044678,4.305000007152557,4.459999918937683,6.389999866485596
2019-03-25,8.25,8.25,7.909999847412109,8.199999809265137,21400,0,0.0,-0.007864553098310578,0.0693739426478648,6.650250005722046,8.452952445764325,4.847547565679767,7.18999981880188,6.634999752044678,4.318749964237213,4.459999918937683,6.309999942779541
2019-03-26,8.199999809265137,8.199999809265137,7.179999828338623,7.369999885559082,27800,0,0.0,-0.10121950524538337,0.06235194649612632,6.753250002861023,8.470337888543458,5.036162117178587,7.18999981880188,6.664999961853027,4.350250065326691,4.459999918937683,6.059999942779541
2019-03-27,8.350000381469727,8.350000381469727,6.934999942779541,7.369999885559082,16100,0,0.0,0.0,0.06235194649612632,6.852250003814698,8.467770763804767,5.2367292438246285,7.18999981880188,6.75849986076355,4.562499940395355,4.459999918937683,6.269999980926514
2019-03-28,7.329999923706055,7.340000152587891,6.534999847412109,7.010000228881836,16700,0,0.0,-0.048846629887014825,0.05930626404289509,6.911250019073487,8.457075159495954,5.3654248786510195,7.18999981880188,6.75849986076355,4.599999964237213,4.254999995231628,6.420000076293945
2019-03-29,6.989999771118164,7.599999904632568,6.814000129699707,7.039999961853027,22900,0,0.0,0.004279562338327825,0.05956006889691999,6.969750022888183,8.43940097069593,5.500099075080437,7.552499771118164,6.819999933242798,4.650000035762787,4.205000042915344,6.320000171661377
2019-04-01,7.099999904632568,7.342999935150146,7.03000020980835,7.25,24300,0,0.0,0.02982955103478413,0.061336719011715925,7.036250019073487,8.427315617282463,5.645184420864509,7.552499771118164,6.869999885559082,4.654999911785126,4.209999918937683,6.420000076293945
2019-04-02,7.380000114440918,7.406000137329102,7.125,7.199999809265137,10600,0,0.0,-0.006896578032394962,0.06091370554280054,7.084250020980835,8.42699983560766,5.741500206354009,7.442500114440918,6.869999885559082,4.769999921321869,4.324999928474426,6.130000114440918
2019-04-03,7.5,7.5,7.199999809265137,7.5,9400,0,0.0,0.04166669426141034,0.06345177828798199,7.122250032424927,8.466915331617697,5.777584733232157,7.442500114440918,6.869999885559082,4.900000035762787,4.455000042915344,6.090000152587891
2019-04-04,7.440000057220459,7.480000019073486,6.900000095367432,7.190000057220459,9200,0,0.0,-0.04133332570393877,0.060829105269510714,7.145250034332276,8.47784328723861,5.812656781425941,7.442500114440918,6.881999731063843,4.900000035762787,4.455000042915344,6.010000228881836
2019-04-05,7.179999828338623,7.199999809265137,6.920000076293945,6.96999979019165,9300,0,0.0,-0.03059808974658862,0.05896785084726954,7.161250019073487,8.477072129243432,5.845427908903543,7.442500114440918,6.881999731063843,4.945500075817108,4.5005000829696655,6.449999809265137
2019-04-08,6.960000038146973,7.03000020980835,6.449999809265137,6.559999942779541,12400,0,0.0,-0.058823509290354736,0.05549915492512293,7.16175000667572,8.476639860742086,5.846860152609355,7.400000095367432,7.063999891281128,4.9799999594688416,4.519999861717224,6.420000076293945
2019-04-09,6.659999847412109,6.953000068664551,6.309999942779541,6.5,39900,0,0.0,-0.009146332820563763,0.05499154118291773,7.158750009536743,8.479441837530334,5.838058181543152,6.954999923706055,7.0849997997283936,5.071749925613403,4.519999861717224,6.110000133514404
2019-04-10,6.539999961853027,7.0,6.53000020980835,6.579999923706055,19300,0,0.0,0.012307680570162294,0.055668359505858,7.170250010490418,8.466077307344548,5.874422713636287,6.954999923706055,7.18999981880188,5.22424989938736,4.654999852180481,6.380000114440918
2019-04-11,6.559999942779541,6.909999847412109,6.550000190734863,6.550000190734863,33200,0,0.0,-0.004559229987694979,0.055414554651833106,7.194250011444092,8.423014851396227,5.965485171491958,6.9049999713897705,7.18999981880188,5.5625001192092896,4.955000042915344,6.110000133514404
2019-04-12,6.550000190734863,6.75,6.550000190734863,6.679999828338623,7700,0,0.0,0.019847272338655353,0.05651438240953334,7.227250003814698,8.358681574622059,6.095818433007336,6.9049999713897705,7.18999981880188,5.686999976634979,5.041999936103821,6.389999866485596
2019-04-15,6.75,6.75,6.320000171661377,6.429999828338623,16700,0,0.0,-0.0374251506623432,0.05439932313326728,7.21875,8.371489554573087,6.066010445426913,6.9049999713897705,7.18999981880188,5.724500000476837,5.041999936103821,6.059999942779541
2019-04-16,6.400000095367432,6.789999961853027,6.150000095367432,6.400000095367432,12700,0,0.0,-0.004665588456001957,0.05414551827924239,7.154250001907348,8.338573332063179,5.969926671751518,6.815000057220459,7.18999981880188,5.799499988555908,5.041999936103821,6.170000076293945
2019-04-17,6.409999847412109,6.489999771118164,6.0,6.0,8500,0,0.0,-0.0625000139698384,0.0507614226303856,7.045249986648559,8.233196402327104,5.857303570970014,6.599999904632568,7.18999981880188,5.819249868392944,5.041999936103821,6.190000057220459
2019-04-18,6.110000133514404,6.295000076293945,6.031000137329102,6.230000019073486,10000,0,0.0,0.038333336512247795,0.0527072773259166,6.964749979972839,8.144447023709203,5.785052936236475,6.515000104904175,7.18999981880188,5.850749969482422,5.0950000286102295,6.130000114440918
2019-04-22,6.409999847412109,6.420000076293945,6.190000057220459,6.289999961853027,4700,0,0.0,0.00963080940543315,0.053214891068121814,6.865999960899353,7.91598774853817,5.816012173260536,6.5,7.18999981880188,6.008999943733215,5.116999983787537,5.980000019073486
2019-04-23,6.380000114440918,6.900000095367432,6.349999904632568,6.840000152587891,7900,0,0.0,0.0874404124118362,0.05786802308956932,6.797999978065491,7.64894366006804,5.947056296062941,6.5,7.18999981880188,6.056999921798706,5.116999983787537,6.210000038146973
2019-04-24,6.78000020980835,6.78000020980835,6.300000190734863,6.300000190734863,13700,0,0.0,-0.07894736108283862,0.05329949537556705,6.74449999332428,7.579078591279357,5.909921395369203,6.454999923706055,7.284999847412109,6.134499907493591,5.116999983787537,5.809999942779541
2019-04-25,6.300000190734863,6.34499979019165,4.96999979019165,5.650000095367432,71800,0,0.0,-0.10317461518864057,0.04780034045044419,6.658500003814697,7.569387353183343,5.747612654446051,5.934999942779541,6.769999742507935,6.552499890327454,5.534999966621399,6.050000190734863
2019-04-26,5.800000190734863,5.849999904632568,5.679999828338623,5.789999961853027,13200,0,0.0,0.02477873701283384,0.04898477251558967,6.597499990463257,7.568168722523408,5.626831258403106,5.934999942779541,6.6600000858306885,6.912499785423279,5.894999861717224,5.945000171661377
2019-04-29,6.0,6.449999809265137,6.0,6.449999809265137,13000,0,0.0,0.11398961170301702,0.054568527714002356,6.567999982833863,7.5185196385075415,5.617480327160184,5.934999942779541,6.6600000858306885,6.912499785423279,5.894999861717224,5.789999961853027
2019-04-30,6.480000019073486,6.5,6.289999961853027,6.389999866485596,6300,0,0.0,-0.009302316985087988,0.054060913971797145,6.524999976158142,7.424095991570531,5.625903960745753,5.934999942779541,6.6600000858306885,6.912499785423279,5.894999861717224,5.940000057220459
2019-05-01,6.389999866485596,6.389999866485596,6.070000171661377,6.309999942779541,10600,0,0.0,-0.012519550137338853,0.05338409564885687,6.480499982833862,7.327606594281242,5.633393371386482,5.934999942779541,6.6600000858306885,6.912499785423279,5.894999861717224,5.889999866485596
2019-05-02,6.099999904632568,6.300000190734863,6.050000190734863,6.059999942779541,14200,0,0.0,-0.03961965170634785,0.0512690363725908,6.40849997997284,7.13115207619426,5.6858478837514195,5.934999942779541,6.6600000858306885,6.927499890327454,5.894999861717224,6.050000190734863
2019-05-03,6.090000152587891,6.409999847412109,6.090000152587891,6.269999980926514,6600,0,0.0,0.034653471968623784,0.05304568648738673,6.3624999761581424,6.9902436839798625,5.734756268336422,5.934999942779541,6.284999847412109,6.974249839782715,5.894999861717224,5.96999979019165
2019-05-06,6.150000095367432,6.820000171661377,6.070000171661377,6.420000076293945,20400,0,0.0,0.023923460258969076,0.05431472285997746,6.334999990463257,6.898074850597139,5.771925130329375,5.894999980926514,6.284999847412109,6.974249839782715,5.894999861717224,5.690000057220459
2019-05-07,6.625,6.625,6.21999979019165,6.320000171661377,9900,0,0.0,-0.01557630894769324,0.053468699956302115,6.3230000019073485,6.876426281828168,5.769573721986529,5.894999980926514,6.234999895095825,7.186249852180481,5.894999861717224,5.820000171661377
2019-05-08,6.333000183105469,6.639999866485596,6.25,6.420000076293945,4900,0,0.0,0.015822769290571248,0.05431472285997746,6.319000005722046,6.868348671498151,5.76965133994594,6.25,6.234999895095825,7.211249828338623,5.894999861717224,5.949999809265137
2019-05-09,6.21999979019165,6.309999942779541,6.070000171661377,6.130000114440918,4900,0,0.0,-0.04517133308516019,0.05186125442224125,6.296500015258789,6.837966405078208,5.75503362543937,6.4100000858306885,6.234999895095825,7.15625,5.894999861717224,5.849999904632568
2019-05-10,6.110000133514404,6.369999885559082,6.059999942779541,6.090000152587891,11300,0,0.0,-0.006525279136422202,0.05152284526077112,6.27350001335144,6.808920708170983,5.738079318531898,6.43500018119812,6.224999904632568,7.15625,5.894999861717224,5.929999828338623
2019-05-13,6.170000076293945,6.374000072479248,6.0,6.010000228881836,10400,0,0.0,-0.01313627614148083,0.05084602693783084,6.240000033378601,6.752606526805485,5.727393539951718,6.4100000858306885,6.0849997997283936,7.16224992275238,5.894999861717224,5.949999809265137
2019-05-14,6.489999771118164,6.489999771118164,6.159999847412109,6.449999809265137,35600,0,0.0,0.07321124186798289,0.05456852771400235,6.241000032424926,6.755177906154562,5.726822158695291,6.4100000858306885,6.0,7.16224992275238,5.894999861717224,5.989999771118164
2019-05-15,6.400000095367432,6.5,6.261000156402588,6.420000076293945,11100,0,0.0,-0.004651121528422064,0.05431472285997745,6.242000031471252,6.757501381636228,5.726498681306277,6.4100000858306885,5.984999895095825,7.23199999332428,5.894999861717224,5.96999979019165
2019-05-16,6.519999980926514,6.820000171661377,6.110000133514404,6.110000133514404,17900,0,0.0,-0.048286594874698774,0.05169204984150618,6.247500038146972,6.754748728258032,5.740251348035913,6.4100000858306885,5.984999895095825,7.019999861717224,5.984999895095825,5.954999923706055
2019-05-17,6.130000114440918,6.449999809265137,6.130000114440918,6.380000114440918,7000,0,0.0,0.04418984861318043,0.05397631369850732,6.255000042915344,6.765452335050635,5.744547750780053,6.4100000858306885,5.93999981880188,7.072499871253967,6.019999861717224,6.0
2019-05-20,6.269999980926514,6.639999866485596,6.050000190734863,6.110000133514404,49100,0,0.0,-0.042319745467618075,0.05169204984150618,6.246000051498413,6.7600402674713775,5.731959835525449,6.4100000858306885,5.934999942779541,7.047499895095825,6.034999847412109,5.900000095367432
2019-05-21,6.019999980926514,6.389999866485596,5.510000228881836,6.389999866485596,50800,0,0.0,0.04582646920666078,0.05406091397179714,6.223500037193299,6.665136780849965,5.781863293536633,6.1650002002716064,5.934999942779541,7.047499895095825,6.0599998235702515,5.989999771118164
2019-05-22,5.909999847412109,6.309999942779541,5.909999847412109,6.059999942779541,17900,0,0.0,-0.05164318162772508,0.051269036372590795,6.211500024795532,6.657238091560332,5.7657619580307315,6.1650002002716064,5.934999942779541,7.047499895095825,6.134999871253967,6.0
2019-05-23,6.050000190734863,6.190000057220459,5.784999847412109,6.170000076293945,45600,0,0.0,0.018151837384993597,0.052199663583711385,6.237500023841858,6.601574613000231,5.873425434683485,6.1650002002716064,5.934999942779541,7.002499938011169,6.284999847412109,5.96999979019165
2019-05-24,6.170000076293945,6.239999771118164,5.940000057220459,6.190000057220459,18400,0,0.0,0.0032414879544906405,0.05236886816444645,6.257500028610229,6.558995073780081,5.956004983440377,6.1650002002716064,5.934999942779541,6.894999861717224,6.312499761581421,5.730000019073486
2019-05-28,6.159999847412109,6.199999809265137,6.026000022888184,6.130000114440918,10800,0,0.0,-0.00969304397817461,0.05186125442224124,6.241500043869019,6.534174821955159,5.948825265782879,6.1650002002716064,5.934999942779541,6.852499961853027,6.375499963760376,5.7210001945495605
2019-05-29,6.044000148773193,6.050000190734863,5.934000015258789,5.980000019073486,12600,0,0.0,-0.02446983565531502,0.050592218049650514,6.221000051498413,6.526494038437772,5.915506064559054,6.1650002002716064,5.934999942779541,6.84499990940094,6.509999752044678,5.71999979019165
2019-05-30,5.980000019073486,6.5,5.800000190734863,6.210000038146973,21200,0,0.0,0.03846154152840975,0.05253807274518151,6.216000056266784,6.518734936301285,5.913265176232284,6.075000047683716,5.894999980926514,6.84499990940094,6.5849997997283936,5.670000076293945
2019-05-31,6.110000133514404,6.150000095367432,5.765999794006348,5.809999942779541,10900,0,0.0,-0.06441225328668265,0.04915397709632472,6.203500056266785,6.549078119820949,5.857921992712621,6.075000047683716,5.894999980926514,6.869999885559082,6.634999752044678,6.0
2019-06-03,5.869999885559082,6.050000190734863,5.78000020980835,6.050000190734863,11800,0,0.0,0.04130813258502464,0.05118443609930096,6.192500066757202,6.5429352256987485,5.842064907815656,6.005000114440918,6.1650002002716064,6.352499842643738,6.634999752044678,6.0
2019-06-04,6.059999942779541,6.059999942779541,5.809999942779541,5.945000171661377,11300,0,0.0,-0.017355374506315968,0.050296111041903,6.168750071525574,6.518670977105347,5.818829165945801,6.132999897003174,6.1650002002716064,6.297500014305115,6.634999752044678,6.0
2019-06-05,5.929999828338623,5.929999828338623,5.6570000648498535,5.789999961853027,8100,0,0.0,-0.02607236422754111,0.04898477251558965,6.142250061035156,6.521702157112915,5.7627979649573975,6.078500032424927,6.1650002002716064,6.297500014305115,6.634999752044678,5.900000095367432
2019-06-06,5.690000057220459,5.9629998207092285,5.650000095367432,5.940000057220459,13000,0,0.0,0.025906752393038968,0.050253808888180374,6.118250060081482,6.484756980026709,5.751743140136255,6.075000047683716,6.1650002002716064,6.297500014305115,6.634999752044678,5.710000038146973
2019-06-07,5.6579999923706055,6.03000020980835,5.533999919891357,5.889999866485596,22800,0,0.0,-0.008417540446667982,0.049830795419264995,6.106250047683716,6.48605367871359,5.726446416653841,6.016999959945679,6.1650002002716064,6.297500014305115,6.634999752044678,5.619999885559082
2019-06-10,5.994999885559082,6.059999942779541,5.803999900817871,6.050000190734863,18200,0,0.0,0.027164741574898343,0.051184436099300956,6.104250049591064,6.484803554272833,5.723696544909295,6.016999959945679,6.1650002002716064,6.297500014305115,6.664999961853027,5.610000133514404
2019-06-11,6.0,6.159999847412109,5.914999961853027,5.96999979019165,11500,0,0.0,-0.013223206284477151,0.05050761374220526,6.102250027656555,6.485202801661222,5.719297253651888,6.016999959945679,6.1650002002716064,6.109999895095825,6.75849986076355,5.300000190734863
2019-06-12,6.150000095367432,6.150000095367432,5.690000057220459,5.690000057220459,1500,0,0.0,-0.04690112944915248,0.0481387496119143,6.064250040054321,6.45248315650683,5.6760169236018125,5.846999883651733,6.1650002002716064,6.0899999141693115,6.75849986076355,5.349999904632568
2019-06-13,5.920000076293945,6.099999904632568,5.820000171661377,5.820000171661377,10200,0,0.0,0.022847120058628434,0.04923858140376996,6.034250044822693,6.399707360168114,5.668792729477272,5.846999883651733,6.1650002002716064,6.064999938011169,6.769999742507935,5.199999809265137
2019-06-14,5.800000190734863,5.949999809265137,5.760000228881836,5.949999809265137,18900,0,0.0,0.022336706833231856,0.05033840916147019,6.02625002861023,6.391729479136318,5.660770578084142,5.846999883651733,6.1650002002716064,6.242499947547913,6.769999742507935,5.269999980926514
2019-06-17,5.820000171661377,5.849999904632568,5.769999980926514,5.849999904632568,2200,0,0.0,-0.016806707199696347,0.04949238625779485,5.999750018119812,6.333987205117214,5.66551283112241,5.846999883651733,6.1650002002716064,6.322499990463257,6.769999742507935,5.639999866485596
2019-06-18,5.800000190734863,5.96999979019165,5.800000190734863,5.929999828338623,8800,0,0.0,0.013675200856448466,0.05016920458073512,5.990750002861023,6.322281280509168,5.659218725212877,5.846999883651733,6.1650002002716064,6.330000042915344,6.769999742507935,5.679999828338623
2019-06-19,5.880000114440918,6.045000076293945,5.809999942779541,5.949999809265137,15500,0,0.0,0.0033726781628116154,0.0503384091614702,5.96875,6.244544218709369,5.692955781290631,5.846999883651733,6.1650002002716064,6.247499942779541,6.769999742507935,5.679999828338623
2019-06-20,5.929999828338623,6.099999904632568,5.841000080108643,5.989999771118164,7100,0,0.0,0.006722682879878539,0.05067681832294033,5.965249991416931,6.238051517162058,5.692448465671804,5.924999952316284,6.1650002002716064,6.205000042915344,6.769999742507935,5.690000057220459
2019-06-21,6.010000228881836,6.050000190734863,5.939000129699707,5.96999979019165,3300,0,0.0,-0.0033388951069659445,0.05050761374220526,5.955249977111817,6.211266667941085,5.699233286282548,5.924999952316284,6.1650002002716064,6.197499990463257,6.769999742507935,5.828999996185303
2019-06-24,5.929999828338623,6.0,5.929999828338623,5.954999923706055,1900,0,0.0,-0.0025125405381486443,0.05038071131519282,5.943499970436096,6.175543254425048,5.711456686447144,5.920000076293945,6.075000047683716,6.197499990463257,6.769999742507935,6.550000190734863
2019-06-25,5.869999885559082,6.0,5.760000228881836,6.0,8900,0,0.0,0.007556687971532305,0.05076142263038558,5.93699996471405,6.154453545001252,5.719546384426848,5.930000066757202,6.075000047683716,6.174999952316284,6.769999742507935,6.599999904632568
2019-06-26,5.980000019073486,5.980000019073486,5.75,5.900000095367432,13700,0,0.0,-0.016666650772094727,0.04991539972671023,5.932999968528748,6.150081301729306,5.7159186353281894,5.924999952316284,6.005000114440918,6.172500014305115,6.769999742507935,6.559999942779541
2019-06-27,5.869999885559082,5.989999771118164,5.607999801635742,5.989999771118164,1300,0,0.0,0.015254182084064372,0.050676818322940326,5.9219999551773075,6.10026411488236,5.743735795472255,5.853999853134155,6.016999959945679,6.050000071525574,6.769999742507935,6.199999809265137
2019-06-28,5.760000228881836,6.0,5.760000228881836,6.0,9700,0,0.0,0.001669487356252386,0.05076142263038557,5.93149995803833,6.1050136902551175,5.757986225821543,5.853999853134155,6.016999959945679,6.050000071525574,6.769999742507935,6.889999866485596
2019-07-01,6.0,6.0,5.809999942779541,5.96999979019165,14100,0,0.0,-0.005000034968058231,0.05050761374220526,5.927499938011169,6.0933396209436905,5.761660255078648,5.853999853134155,6.016999959945679,6.050000071525574,6.769999742507935,6.880000114440918
2019-07-02,5.900000095367432,5.900000095367432,5.659999847412109,5.730000019073486,6000,0,0.0,-0.04020096809927354,0.04847715877338444,5.9167499303817745,6.103458831762746,5.7300410290008035,5.853999853134155,6.016999959945679,6.050000071525574,6.769999742507935,6.599999904632568
2019-07-03,5.679999828338623,5.889999866485596,5.610000133514404,5.7210001945495605,17400,0,0.0,-0.0015706499989472933,0.04840101812400806,5.913299942016602,6.111570678487653,5.715029205545551,5.828999996185303,6.016999959945679,6.050000071525574,6.769999742507935,6.150000095367432
2019-07-05,5.78000020980835,5.889999866485596,5.71999979019165,5.71999979019165,21000,0,0.0,-0.0001748652899650205,0.0483925544659392,5.902299928665161,6.11731770569749,5.687282151632832,5.803999900817871,6.016999959945679,6.050000071525574,6.769999742507935,6.460000038146973
2019-07-08,5.75,5.849999904632568,5.599999904632568,5.670000076293945,8600,0,0.0,-0.008741209044000664,0.04796954503117924,5.891299939155578,6.129256978613687,5.65334289969747,5.799999952316284,5.846999883651733,5.985000014305115,6.769999742507935,6.210000038146973
2019-07-09,5.730000019073486,6.0,5.690000057220459,6.0,7600,0,0.0,0.05820104396219894,0.050761422630385584,5.888799929618836,6.120952879237957,5.6566469799997146,5.799999952316284,5.846999883651733,5.985000014305115,6.769999742507935,6.400000095367432
2019-07-10,6.0,6.0,5.801000118255615,6.0,12900,0,0.0,0.0,0.050761422630385584,5.890299940109253,6.124933566745284,5.655666313473223,5.799999952316284,5.846999883651733,6.085000157356262,6.769999742507935,6.150000095367432
2019-07-11,5.89900016784668,6.0,5.860000133514404,6.0,3000,0,0.0,0.0,0.050761422630385584,5.90579993724823,6.125806158229609,5.6857937162668515,5.799999952316284,5.846999883651733,6.14900004863739,6.6600000858306885,6.25
2019-07-12,6.0,6.0,5.900000095367432,5.900000095367432,12200,0,0.0,-0.016666650772094727,0.04991539972671024,5.909799933433533,6.126263325399579,5.693336541467486,5.799999952316284,5.846999883651733,6.121750116348267,6.6600000858306885,6.230000019073486
2019-07-15,5.960000038146973,5.960000038146973,5.5,5.710000038146973,50400,0,0.0,-0.03220339900835656,0.048307954192649376,5.897799944877624,6.1302192957201855,5.665380594035063,5.75,5.829999923706055,6.120000123977661,6.6600000858306885,6.119999885559082
2019-07-16,5.840000152587891,5.840000152587891,5.619999885559082,5.619999885559082,2300,0,0.0,-0.01576184798364688,0.047546531562263857,5.88629994392395,6.148264702222629,5.624335185625271,5.75,5.829999923706055,6.091000080108643,6.6600000858306885,6.079999923706055
2019-07-17,5.730000019073486,5.760000228881836,5.610000133514404,5.610000133514404,10900,0,0.0,-0.0017793153466733047,0.04746193128897403,5.87029995918274,6.157771130301927,5.582828788063552,5.75,5.829999923706055,6.091000080108643,6.6600000858306885,6.090000152587891
2019-07-18,5.65500020980835,5.65500020980835,5.138000011444092,5.300000190734863,124500,0,0.0,-0.05525845550833175,0.04483925827050276,5.837799978256226,6.215747830878003,5.459852125634448,5.569000005722046,5.644000053405762,6.091000080108643,6.284999847412109,5.800000190734863
2019-07-19,5.389999866485596,5.389999866485596,5.199999809265137,5.349999904632568,14900,0,0.0,0.009433907943081188,0.045262267705262725,5.805799984931946,6.2325678747680895,5.379032095095803,5.569000005722046,5.61899995803833,6.00600004196167,6.284999847412109,5.690000057220459
2019-07-22,5.300000190734863,5.550000190734863,5.070000171661377,5.199999809265137,76200,0,0.0,-0.028037401503044235,0.043993231332672,5.76729998588562,6.262161453596279,5.272438518174961,5.5350000858306885,5.585000038146973,6.00600004196167,6.234999895095825,5.28000020980835
2019-07-23,5.179999828338623,5.489999771118164,5.059999942779541,5.269999980926514,5200,0,0.0,0.013461571967109176,0.04458544938232245,5.733049988746643,6.2650497967970535,5.201050180696233,5.5299999713897705,5.579999923706055,6.00600004196167,6.234999895095825,5.639999866485596
2019-07-24,5.28000020980835,5.639999866485596,5.28000020980835,5.639999866485596,16000,0,0.0,0.07020870719131067,0.047715736142998934,5.715049982070923,6.233755814484103,5.196344149657743,5.5299999713897705,5.579999923706055,6.00600004196167,6.234999895095825,5.599999904632568
2019-07-25,5.559999942779541,5.730000019073486,5.559999942779541,5.679999828338623,3400,0,0.0,0.0070921919858044635,0.048054145304469074,5.704049968719483,6.2158102935862,5.1922896438527655,5.509999990463257,5.579999923706055,6.00600004196167,6.224999904632568,5.960000038146973
2019-07-26,5.639999866485596,5.800000190734863,5.630000114440918,5.679999828338623,2500,0,0.0,0.0,0.048054145304469074,5.688549971580505,6.183031086569404,5.194068856591606,5.450000047683716,5.579999923706055,6.00600004196167,6.0849997997283936,5.840000152587891
2019-07-29,5.730000019073486,5.880000114440918,5.603000164031982,5.690000057220459,9300,0,0.0,0.00176060372958875,0.04813874961191432,5.673049974441528,6.146260152619616,5.19983979626344,5.4700000286102295,5.555000066757202,6.045000076293945,6.0,5.880000114440918
2019-07-30,5.900000095367432,5.900000095367432,5.75,5.828999996185303,5900,0,0.0,0.02442881152320142,0.04931472205314636,5.665999984741211,6.125146271873364,5.206853697609057,5.480000019073486,5.5299999713897705,6.045000076293945,5.984999895095825,5.599999904632568
2019-07-31,5.889999866485596,6.848999977111816,5.880000114440918,6.550000190734863,88200,0,0.0,0.12369191885767838,0.055414554651833106,5.706999993324279,6.307992324429484,5.106007662219075,5.954499959945679,5.954499959945679,5.997500061988831,5.984999895095825,5.699999809265137
2019-08-01,6.690000057220459,6.699999809265137,6.570000171661377,6.599999904632568,40700,0,0.0,0.007633543884232319,0.055837564086593065,5.75094997882843,6.46829015241372,5.03360980524314,5.954499959945679,5.954499959945679,6.002500057220459,5.93999981880188,5.6479997634887695
2019-08-02,6.590000152587891,7.059999942779541,6.290999889373779,6.559999942779541,24000,0,0.0,-0.006060600368335001,0.05549915492512293,5.792949986457825,6.592697141513321,4.9932028314023285,6.059999942779541,6.059999942779541,5.965000033378601,5.934999942779541,5.664999961853027
2019-08-05,6.010000228881836,6.699999809265137,6.010000228881836,6.199999809265137,9000,0,0.0,-0.0548780696119745,0.05245346843773628,5.8194499731063845,6.636273096336956,5.002626849875813,6.170000076293945,6.059999942779541,5.935499906539917,5.934999942779541,5.800000190734863
2019-08-06,6.60099983215332,6.894999980926514,6.071000099182129,6.889999866485596,27800,0,0.0,0.11129033523345266,0.05829103252432928,5.863949966430664,6.804336050860532,4.9235638820007965,6.309999942779541,6.059999942779541,5.935499906539917,5.934999942779541,5.769999980926514
2019-08-07,6.539999961853027,6.880000114440918,6.489999771118164,6.880000114440918,16700,0,0.0,-0.0014513428502834769,0.058206432251039456,5.90794997215271,6.947895481212606,4.868004463092814,6.331500053405762,6.059999942779541,5.935499906539917,5.934999942779541,5.78000020980835
2019-08-08,7.289999961853027,7.289999961853027,6.554999828338623,6.599999904632568,11900,0,0.0,-0.04069770423704466,0.05583756408659307,5.937949967384339,7.0209870361413635,4.854912898627314,6.446500062942505,6.174999952316284,5.935499906539917,5.934999942779541,5.849999904632568
2019-08-09,6.550000190734863,6.679999828338623,6.010000228881836,6.150000095367432,20100,0,0.0,-0.0681817902677968,0.05203045900297632,5.950449967384339,7.037251586805775,4.8636483479629025,6.519999980926514,6.174999952316284,5.922999978065491,5.934999942779541,5.920000076293945
2019-08-12,6.320000171661377,6.679999828338623,6.181000232696533,6.460000038146973,10900,0,0.0,0.050406493979252565,0.054653132021447594,5.987949967384338,7.090790886564054,4.885109048204622,6.585000038146973,6.174999952316284,5.910499930381775,5.934999942779541,6.940000057220459
2019-08-13,6.699999809265137,6.699999809265137,6.159999847412109,6.210000038146973,16500,0,0.0,-0.03869969017395103,0.05253807274518153,6.017449975013733,7.110763427552511,4.924136522474955,6.650000095367432,6.174999952316284,5.823499917984009,5.894999980926514,8.079999923706055
2019-08-14,6.170000076293945,6.639999866485596,6.099999904632568,6.400000095367432,11100,0,0.0,0.030595822230808478,0.05414551827924239,6.056949973106384,7.145548962257926,4.968350983954843,6.650000095367432,6.174999952316284,5.823499917984009,5.894999980926514,8.350000381469727
2019-08-15,6.89900016784668,6.89900016784668,6.150000095367432,6.150000095367432,12700,0,0.0,-0.03906249941792339,0.05203045900297632,6.099449968338012,7.1307817211978985,5.068118215478126,6.650000095367432,6.174999952316284,5.823499917984009,6.1650002002716064,8.489999771118164
2019-08-16,6.21999979019165,6.5,6.159999847412109,6.25,26000,0,0.0,0.016260146842582035,0.05287648190665166,6.144449973106385,7.1173191027675795,5.17158084344519,6.650000095367432,6.174999952316284,5.823499917984009,6.1650002002716064,8.670000076293945
2019-08-19,6.257999897003174,6.599999904632568,6.179999828338623,6.230000019073486,12600,0,0.0,-0.003199996948242134,0.052707277325916596,6.195949983596802,7.065937789458248,5.325962177735356,6.650000095367432,6.174999952316284,5.823499917984009,6.1650002002716064,8.569999694824219
2019-08-20,6.349999904632568,6.420000076293945,6.039999961853027,6.119999885559082,2800,0,0.0,-0.017656522179395284,0.05177665011479601,6.23844997882843,6.998309901859835,5.478590055797025,6.650000095367432,6.174999952316284,5.789999961853027,6.1600000858306885,8.470000267028809
2019-08-21,6.119999885559082,6.300000190734863,5.78000020980835,6.079999923706055,28100,0,0.0,-0.00653594160147164,0.05143824095332588,6.260449981689453,6.9732567653285615,5.547643198050344,6.339500188827515,6.174999952316284,5.789999961853027,6.1600000858306885,8.680000305175781
2019-08-22,6.110000133514404,6.170000076293945,5.75,6.090000152587891,28000,0,0.0,0.0016447745077832199,0.05152284526077112,6.280949997901916,6.947392933748469,5.614507062055364,6.32450008392334,6.174999952316284,5.789999961853027,6.1600000858306885,7.5
2019-08-23,5.929999828338623,6.110000133514404,5.610000133514404,5.800000190734863,26700,0,0.0,-0.04761904016205887,0.049069376823034916,6.286950016021729,6.933286364791326,5.640613667252132,6.254500150680542,6.174999952316284,5.606500029563904,5.979000091552734,7.0
2019-08-26,5.989999771118164,5.989999771118164,5.630000114440918,5.690000057220459,14100,0,0.0,-0.018965539637416318,0.048138749611914326,6.286950016021729,6.933286364791326,5.640613667252132,6.254500150680542,6.174999952316284,5.593999981880188,5.979000091552734,6.829999923706055
2019-08-27,5.860000133514404,6.0,5.28000020980835,5.28000020980835,21300,0,0.0,-0.07205621147434449,0.04467005368976771,6.259500026702881,7.019309509858323,5.499690543547438,6.089500188827515,6.174999952316284,5.560000061988831,5.945000171661377,6.710000038146973
2019-08-28,5.340000152587891,6.199999809265137,5.336999893188477,5.639999866485596,16100,0,0.0,0.06818175044926988,0.04771573614299894,6.214000010490418,7.007392925106345,5.420607095874491,5.940000057220459,6.2850000858306885,5.554999947547913,5.940000057220459,7.079999923706055
2019-08-29,5.889999866485596,5.920000076293945,5.46999979019165,5.599999904632568,22200,0,0.0,-0.0070921919858044635,0.0473773269815288,6.164000010490417,6.979758605961697,5.348241415019137,5.940000057220459,6.2850000858306885,5.554999947547913,5.940000057220459,6.429999828338623
2019-08-30,5.880000114440918,5.980000019073486,5.525000095367432,5.960000038146973,29200,0,0.0,0.0642857392223517,0.05042301346891545,6.134000015258789,6.933081023610783,5.334919006906795,5.8500001430511475,6.2850000858306885,5.544999957084656,5.940000057220459,6.480000019073486
2019-09-03,5.980000019073486,6.00600004196167,5.619999885559082,5.840000152587891,9600,0,0.0,-0.020134208857554126,0.04940778598450504,6.116000032424926,6.924588910526417,5.307411154323436,5.7900002002716064,6.2850000858306885,5.514999985694885,5.940000057220459,6.539999961853027
2019-09-04,5.849999904632568,5.909999847412109,5.670000076293945,5.880000114440918,24700,0,0.0,0.006849308357518069,0.049746195145975176,6.065500044822693,6.796005097951949,5.334994991693438,5.740000009536743,6.2850000858306885,5.512500047683716,5.940000057220459,6.679999828338623
2019-09-05,5.889999866485596,5.889999866485596,5.551000118255615,5.599999904632568,2400,0,0.0,-0.04761908237394186,0.0473773269815288,6.001500034332276,6.65476275889902,5.348237309765532,5.740000009536743,6.2850000858306885,5.504999995231628,5.940000057220459,6.789999961853027
2019-09-06,5.570000171661377,5.900000095367432,5.570000171661377,5.699999809265137,7600,0,0.0,0.017857126131349377,0.048223349885204145,5.9565000295639035,6.56025355908011,5.352746500047697,5.740000009536743,6.2850000858306885,5.954499959945679,5.954499959945679,7.059999942779541
2019-09-09,5.699999809265137,5.900000095367432,5.590000152587891,5.6479997634887695,13800,0,0.0,-0.009122815353755476,0.047783417168461885,5.931400012969971,6.54266355645053,5.3201364694894115,5.740000009536743,6.2850000858306885,5.954499959945679,5.954499959945679,6.989999771118164
2019-09-10,5.690000057220459,5.849999904632568,5.599999904632568,5.664999961853027,47900,0,0.0,0.003009950261357197,0.04792724287745664,5.891650009155273,6.461831984301611,5.3214680340089355,5.768499851226807,6.2850000858306885,6.059999942779541,6.059999942779541,6.690000057220459
2019-09-11,5.650000095367432,6.0,5.650000095367432,5.800000190734863,32500,0,0.0,0.023830578956910875,0.04906937682303491,5.871150016784668,6.423069547194745,5.3192304863745905,5.73799991607666,6.2850000858306885,6.115000009536743,6.059999942779541,6.460000038146973
2019-09-12,5.679999828338623,5.96999979019165,5.679999828338623,5.769999980926514,19400,0,0.0,-0.005172449796859158,0.048815567934854594,5.839650011062622,6.335757403945194,5.34354261818005,5.765500068664551,6.2850000858306885,6.184999942779541,6.059999942779541,6.420000076293945
2019-09-13,5.769999980926514,5.974999904632568,5.730000019073486,5.78000020980835,20600,0,0.0,0.0017331419263246772,0.04890017224229984,5.821150016784668,6.296527393631633,5.345772639937703,5.778500080108643,6.2850000858306885,6.195749998092651,6.059999942779541,6.519999980926514
2019-09-16,5.670000076293945,5.989999771118164,5.670000076293945,5.849999904632568,43500,0,0.0,0.012110673405414829,0.04949238625779486,5.801150012016296,6.233988650099138,5.368311373933454,5.775500059127808,6.089500188827515,6.3107500076293945,6.174999952316284,6.829999923706055
2019-09-17,5.75,5.960000038146973,5.75,5.920000076293945,7500,0,0.0,0.011965841504705699,0.05008460430744531,5.785650014877319,6.175584142970732,5.395715886783907,5.775500059127808,6.089500188827515,6.347499966621399,6.174999952316284,6.460000038146973
2019-09-18,5.840000152587891,7.776000022888184,5.835999965667725,6.940000057220459,164300,0,0.0,0.1722972918549448,0.05871404599324464,5.826650023460388,6.452805446274034,5.200494600646742,6.67300009727478,6.528000116348267,6.379999995231628,6.174999952316284,6.204999923706055
2019-09-19,7.0,8.149999618530273,7.0,8.079999923706055,130800,0,0.0,0.16426510909024072,0.06835871516345438,5.926650023460388,7.0951059898850195,4.758194057035756,6.869999885559082,6.7149999141693115,6.412500023841858,6.174999952316284,6.599999904632568
2019-09-20,7.769999980926514,8.350000381469727,7.769999980926514,8.350000381469727,98800,0,0.0,0.03341589855360172,0.07064298305461092,6.03965003490448,7.6194102906698244,4.459889779139136,6.9750001430511475,6.815000295639038,6.412500023841858,6.174999952316284,6.480000019073486
2019-09-23,8.319999694824219,8.739999771118164,8.09000015258789,8.489999771118164,74400,0,0.0,0.016766393203900165,0.07182741108560098,6.174150013923645,8.078058101148336,4.270241926698954,7.194999933242798,7.009999990463257,6.412500023841858,6.174999952316284,6.619999885559082
2019-09-24,8.600000381469727,8.819999694824219,8.211999893188477,8.670000076293945,44300,0,0.0,0.021201449944453277,0.07335025634637202,6.323150014877319,8.501954436140826,4.144345593613812,7.244999885559082,7.049999952316284,6.412500023841858,6.174999952316284,6.630000114440918
2019-09-25,8.729999542236328,8.729999542236328,8.428000450134277,8.569999694824219,23900,0,0.0,-0.01153406927217382,0.07250422940854126,6.487649989128113,8.819702276764739,4.155597701491487,7.244999885559082,7.049999952316284,6.412500023841858,6.174999952316284,6.579999923706055
2019-09-26,8.539999961853027,8.539999961853027,8.180999755859375,8.470000267028809,29000,0,0.0,-0.01166854508242332,0.07165821053902133,6.629150009155273,9.080021957336049,4.178278060974497,7.244999885559082,7.049999952316284,6.412500023841858,6.174999952316284,6.639999866485596
2019-09-27,8.65999984741211,9.720000267028809,8.520000457763672,8.680000305175781,139700,0,0.0,0.024793392151879923,0.07343486065381725,6.783150029182434,9.341885671425572,4.224414386939296,7.735000133514404,7.500000238418579,6.257250070571899,6.174999952316284,6.699999809265137
2019-09-30,8.619999885559082,8.619999885559082,7.5,7.5,61500,0,0.0,-0.1359447308397168,0.06345177828798196,6.860150027275085,9.407708394337005,4.312591660213165,7.778000116348267,7.500000238418579,6.249750018119812,6.174999952316284,6.730000019073486
2019-10-01,7.5,7.650000095367432,6.849999904632568,7.0,48000,0,0.0,-0.06666666666666665,0.05922165973544983,6.918150019645691,9.422143830112331,4.414156209179051,8.285000085830688,7.500000238418579,6.214750051498413,6.174999952316284,6.514999866485596
2019-10-02,6.940000057220459,7.159999847412109,6.738999843597412,6.829999923706055,17700,0,0.0,-0.024285725184849283,0.05778341878212404,6.965650010108948,9.424210878937357,4.507089141280538,8.22950005531311,7.500000238418579,6.214750051498413,6.174999952316284,6.519999980926514
2019-10-03,7.198999881744385,7.427000045776367,6.710000038146973,6.710000038146973,27500,0,0.0,-0.017569529560692687,0.05676819129771363,7.021150016784668,9.40194751511903,4.640352518450307,8.21500015258789,7.528500080108643,6.132250070571899,6.174999952316284,6.53000020980835
2019-10-04,6.900000095367432,7.210000038146973,6.730000019073486,7.079999923706055,14400,0,0.0,0.05514156236298029,0.059898478058390096,7.090150022506714,9.391613757585928,4.788686287427501,8.21500015258789,7.5950000286102295,6.112500071525574,6.174999952316284,6.639999866485596
2019-10-07,6.820000171661377,6.980000019073486,6.385000228881836,6.429999828338623,24800,0,0.0,-0.09180792406381644,0.054399323133267244,7.129250025749206,9.355941254048053,4.902558797450359,8.052500247955322,7.62250018119812,6.112500071525574,6.174999952316284,6.75
2019-10-08,6.420000076293945,6.75,6.380000114440918,6.480000019073486,20700,0,0.0,0.0077760796375918595,0.05482233660218262,7.17000002861023,9.315499259583394,5.024500797637066,8.050000190734863,7.635500192642212,6.067500114440918,6.174999952316284,6.550000190734863
2019-10-09,6.552000045776367,6.579999923706055,6.400000095367432,6.539999961853027,12800,0,0.0,0.009259250401687513,0.05532995034438783,7.207000017166138,9.280256077452158,5.133743956880116,8.050000190734863,7.635500192642212,6.0375001430511475,6.174999952316284,6.639999866485596
2019-10-10,6.610000133514404,7.380000114440918,6.610000133514404,6.679999828338623,50300,0,0.0,0.02140670753856222,0.056514382409533305,7.252500009536743,9.234584251792088,5.270415767281399,7.5,7.635500192642212,6.012500047683716,6.174999952316284,6.75
2019-10-11,6.900000095367432,6.960000038146973,6.739999771118164,6.789999961853027,5200,0,0.0,0.016467086278617815,0.05744500962065389,7.302999997138977,9.180017952468601,5.425982041809354,7.015000104904175,7.645000219345093,6.012500047683716,6.174999952316284,6.46999979019165
2019-10-14,6.572000026702881,7.059999942779541,6.572000026702881,7.059999942779541,5700,0,0.0,0.039764356766333275,0.05972927347765502,7.363499999046326,9.122326290624864,5.6046737074677875,6.903500080108643,7.65500020980835,6.012500047683716,6.174999952316284,6.690000057220459
2019-10-15,7.059999942779541,7.059999942779541,6.78000020980835,6.989999771118164,15000,0,0.0,-0.009915038559308753,0.05913705542800457,7.416999983787536,9.056756343983551,5.777243623591521,6.903500080108643,7.6600000858306885,6.012500047683716,6.174999952316284,9.640000343322754
2019-10-16,6.880000114440918,7.056000232696533,6.579999923706055,6.690000057220459,5000,0,0.0,-0.04291841541072261,0.05659898671697854,7.404499983787536,9.062519315054002,5.746480652521071,6.880000114440918,7.68500018119812,6.026749968528748,6.174999952316284,10.0
2019-10-17,6.90500020980835,6.90500020980835,6.389999866485596,6.460000038146973,32800,0,0.0,-0.03437967370796202,0.054653132021447545,7.323499989509583,8.999986472710992,5.647013506308174,6.880000114440918,7.695000171661377,6.011500000953674,6.174999952316284,9.5
2019-10-18,6.550000190734863,6.820000171661377,6.420000076293945,6.420000076293945,11600,0,0.0,-0.006191944522728088,0.054314722859977405,7.226999974250793,8.877742893168278,5.576257055333308,6.880000114440918,7.695000171661377,6.02525007724762,6.174999952316284,9.520000457763672
2019-10-21,6.449999809265137,6.769999980926514,6.449999809265137,6.519999980926514,13000,0,0.0,0.01557630894769324,0.05516074576365275,7.128499984741211,8.698294959829962,5.558705009652459,6.884999990463257,7.695000171661377,6.0317500829696655,6.174999952316284,9.399999618530272
2019-10-22,6.570000171661377,6.829999923706055,6.150000095367432,6.829999923706055,20700,0,0.0,0.04754600363288475,0.057783418782124014,7.036499977111816,8.439210918566735,5.633789035656898,6.765000104904175,7.735000133514404,5.932500123977661,6.174999952316284,8.25
2019-10-23,6.670000076293945,6.789999961853027,6.389999866485596,6.460000038146973,6900,0,0.0,-0.05417275105302122,0.05465313202144754,6.930999994277954,8.161574914561347,5.70042507399456,6.605000019073486,7.778000116348267,5.932500123977661,6.174999952316284,9.619999885559082
2019-10-24,6.5,6.5,6.199999809265137,6.204999923706055,8300,0,0.0,-0.039473701692742336,0.05249577059145885,6.817749977111816,7.861842788926301,5.773657165297331,6.605000019073486,7.93500018119812,6.600500106811523,6.417999982833862,10.649999618530272
2019-10-25,6.300000190734863,6.599999904632568,6.239999771118164,6.599999904632568,4800,0,0.0,0.06365833775717311,0.05583756408659302,6.713749957084656,7.309393045785477,6.118106868383835,6.605000019073486,7.93500018119812,6.792499899864197,6.604999780654907,11.529999732971191
2019-10-28,6.739999771118164,6.840000152587891,6.409999847412109,6.480000019073486,11000,0,0.0,-0.018181801105005113,0.05482233660218261,6.66274995803833,7.142675885334026,6.182824030742634,6.603000164031982,7.93500018119812,6.895000219345093,6.705000162124634,11.989999771118164
2019-10-29,6.369999885559082,6.730000019073486,6.369999885559082,6.619999885559082,23700,0,0.0,0.021604917603937457,0.05600676866732809,6.643749952316284,7.097888761868765,6.189611142763804,6.527500152587891,7.93500018119812,7.102499961853027,6.8999998569488525,11.479999542236328
2019-10-30,6.809999942779541,6.840000152587891,6.5,6.630000114440918,13400,0,0.0,0.0015106086185363576,0.056091372974773325,6.633749961853027,7.0796895817310155,6.187810341975039,6.495000123977661,7.93500018119812,7.147499918937683,6.93999981880188,10.729999542236328
2019-10-31,6.630000114440918,6.639999866485596,6.489999771118164,6.579999923706055,3100,0,0.0,-0.007541506767994921,0.055668359505857946,6.6272499561309814,7.072334092488408,6.182165819773555,6.495000123977661,7.93500018119812,7.147499918937683,6.93999981880188,11.260000228881836
2019-11-01,6.650000095367432,6.739999771118164,6.25,6.639999866485596,15800,0,0.0,0.009118532443044058,0.05617597324806315,6.605249953269959,6.998607616595569,6.211892289944348,6.495000123977661,7.93500018119812,7.147499918937683,6.93999981880188,12.31999969482422
2019-11-04,6.460000038146973,6.739999771118164,6.329999923706055,6.699999809265137,16500,0,0.0,0.00903613614246912,0.056683586990268355,6.618749952316284,7.005529822769621,6.231970081862946,6.519999980926514,7.384999990463257,7.617500185966492,7.390000104904175,12.59000015258789
2019-11-05,6.679999828338623,6.920000076293945,6.6579999923706055,6.730000019073486,6900,0,0.0,0.0044776433824467166,0.05693739587844867,6.631249952316284,7.015407186010834,6.247092718621734,6.559999942779541,6.900000095367432,7.639000177383423,7.390000104904175,12.9399995803833
2019-11-06,6.730000019073486,6.730000019073486,6.489999771118164,6.514999866485596,6100,0,0.0,-0.031946530754614955,0.05511844360993012,6.629999947547913,7.015511716514894,6.244488178580932,6.579999923706055,6.788500070571899,7.892500162124634,7.390000104904175,12.989999771118164
2019-11-07,6.567999839782715,6.769999980926514,6.420000076293945,6.519999980926514,22400,0,0.0,0.0007674772898522697,0.05516074576365275,6.621999955177307,7.009687383207008,6.234312527147606,6.585000038146973,6.788500070571899,7.864750146865845,7.390000104904175,13.43000030517578
2019-11-08,6.28000020980835,6.651999950408936,6.210000038146973,6.53000020980835,5400,0,0.0,0.0015337774403512139,0.05524535007109799,6.608999967575073,6.990605613246381,6.227394321903765,6.565000057220459,6.765000104904175,7.871750116348267,7.390000104904175,13.220000267028809
2019-11-11,6.510000228881836,6.900000095367432,6.349999904632568,6.639999866485596,21000,0,0.0,0.01684527613215403,0.05617597324806315,6.587999963760376,6.908793235517557,6.267206692003196,6.565000057220459,6.765000104904175,7.90500009059906,7.500000238418579,12.170000076293944
2019-11-12,6.372000217437744,6.75,6.372000217437744,6.75,6700,0,0.0,0.01656628550094008,0.05710660045918374,6.575999975204468,6.849783987088385,6.302215963320551,6.565000057220459,6.765000104904175,7.837500214576721,7.500000238418579,12.0
2019-11-13,6.663000106811523,6.663000106811523,6.260000228881836,6.550000190734863,16900,0,0.0,-0.029629601372612835,0.05541455465183306,6.568999981880188,6.837828104468345,6.30017185929203,6.565000057220459,6.765000104904175,7.842750191688538,7.500000238418579,11.670000076293944
2019-11-14,6.599999904632568,6.749000072479248,6.52400016784668,6.639999866485596,11000,0,0.0,0.013740408111443836,0.05617597324806315,6.5779999732971195,6.843627600509821,6.312372346084418,6.565000057220459,6.765000104904175,7.842750191688538,7.500000238418579,12.079999923706056
2019-11-15,6.665999889373779,6.75,6.550000190734863,6.75,6400,0,0.0,0.01656628550094008,0.05710660045918374,6.594499969482422,6.859813442509758,6.329186496455087,6.565000057220459,6.605000019073486,7.567750096321106,7.500000238418579,12.600000381469728
2019-11-18,6.670000076293945,6.730000019073486,6.46999979019165,6.46999979019165,11500,0,0.0,-0.04148151256419996,0.054737732294737364,6.591999959945679,6.861031110051298,6.322968809840059,6.555000066757202,6.605000019073486,7.330000162124634,7.500000238418579,13.479999542236328
2019-11-19,6.599999904632568,6.739999771118164,6.46999979019165,6.690000057220459,7500,0,0.0,0.034003133564598054,0.05659898671697853,6.584999966621399,6.83533699728501,6.3346629359577875,6.555000066757202,6.605000019073486,7.279250144958496,7.500000238418579,14.020000457763672
2019-11-20,13.460000038146973,15.619999885559082,9.600000381469728,9.640000343322754,14765500,0,0.0,0.44095669071308685,0.08155668859741134,6.743999981880188,8.102056769612066,5.385943194148311,10.914999961853027,10.884999990463257,7.2817500829696655,7.500000238418579,13.880000114440918
2019-11-21,9.350000381469728,11.187000274658203,8.800000190734863,10.0,1721600,0,0.0,0.037344361395858616,0.08460237105064257,6.933749985694885,8.878872101987703,4.988627869402068,10.940000057220459,10.884999990463257,7.282500147819519,7.500000238418579,13.670000076293944
2019-11-22,9.710000038146973,9.890000343322754,9.0,9.5,366900,0,0.0,-0.050000000000000044,0.08037225249811043,7.0787499904632565,9.316495412069544,4.8410045688569685,10.940000057220459,10.884999990463257,7.2875001430511475,7.500000238418579,13.390000343322754
2019-11-25,9.270000457763672,9.829999923706056,9.270000457763672,9.520000457763672,153300,0,0.0,0.0021053113435443027,0.08054146111300091,7.230750012397766,9.689729675021464,4.7717703497740676,10.940000057220459,10.884999990463257,7.2875001430511475,7.500000238418579,12.600000381469728
2019-11-26,9.34000015258789,9.720000267028809,9.050000190734863,9.399999618530272,226200,0,0.0,-0.012605129565465334,0.07952622556027965,7.369749999046325,9.985942412139725,4.753557585952926,11.044999837875366,10.884999990463257,7.290000081062317,7.500000238418579,12.75
2019-11-27,7.699999809265137,8.4399995803833,7.5,8.25,2697900,0,0.0,-0.12234038991483265,0.0697969561167801,7.45074999332428,10.070664462214975,4.830835524433585,11.044999837875366,10.90999984741211,7.2500001192092896,7.500000238418579,13.350000381469728
2019-11-29,8.460000038146973,9.619999885559082,8.40999984741211,9.619999885559082,365700,0,0.0,0.16606059218897973,0.08138747998252084,7.602749991416931,10.353868820475828,4.851631162358034,11.044999837875366,10.90999984741211,7.1915000677108765,7.500000238418579,13.489999771118164
2019-12-02,9.93000030517578,11.0,9.609999656677246,10.649999618530272,1026200,0,0.0,0.10706858058463786,0.09010152194160997,7.803249979019165,10.819234635304634,4.787265322733697,11.044999837875366,10.914999961853027,7.270000100135803,7.500000238418579,13.770000457763672
2019-12-03,10.619999885559082,11.600000381469728,10.5600004196167,11.529999732971191,957800,0,0.0,0.08262912168651915,0.09754653156226384,8.044749975204468,11.424448931320754,4.665051019088182,11.559999942779541,10.914999961853027,7.270000100135803,7.500000238418579,13.109999656677246
2019-12-04,11.699999809265137,11.989999771118164,11.039999961853027,11.989999771118164,515000,0,0.0,0.039895927909829654,0.10143824095332583,8.307749962806701,12.041413094817377,4.574086830796025,9.744999885559082,10.914999961853027,7.269000172615051,7.500000238418579,13.18000030517578
2019-12-05,11.779999732971191,11.979999542236328,11.0600004196167,11.479999542236328,358300,0,0.0,-0.042535466106541464,0.09712351809334846,8.555999946594238,12.43876553024807,4.673234362940406,9.744999885559082,10.914999961853027,7.231250166893005,7.500000238418579,13.300000190734863
2019-12-06,11.31999969482422,11.81999969482422,10.100000381469728,10.729999542236328,425600,0,0.0,-0.06533101305802824,0.09077834026455027,8.76649992465973,12.641310243324448,4.891689605995012,9.744999885559082,10.914999961853027,7.215000152587891,7.500000238418579,13.520000457763672
2019-12-09,10.510000228881836,11.710000038146973,10.40999984741211,11.260000228881836,199200,0,0.0,0.049394287908333556,0.09526227173941813,9.002999925613404,12.880339331799236,5.125660519427571,9.744999885559082,10.914999961853027,7.215000152587891,7.500000238418579,12.789999961853027
2019-12-10,11.609999656677246,12.53499984741211,11.609999656677246,12.31999969482422,735400,0,0.0,0.0941384941736938,0.10423011855253218,9.286999917030334,13.262325411309435,5.311674422751233,10.017499923706055,10.914999961853027,7.215000152587891,7.500000238418579,12.529999732971191
2019-12-11,12.5,13.0,12.109999656677246,12.59000015258789,382200,0,0.0,0.02191562211459308,0.10651438644368871,9.57899992465973,13.62410882068051,5.5338910286389495,10.704999923706055,10.914999961853027,6.952499985694885,7.500000238418579,11.989999771118164
2019-12-12,12.550000190734863,12.9399995803833,12.177000045776367,12.9399995803833,334200,0,0.0,0.02779979535770427,0.10947546458947469,9.898499894142152,13.945604513709972,5.851395274574331,11.304999828338623,10.914999961853027,6.730000019073486,7.500000238418579,10.84000015258789
2019-12-13,12.899999618530272,13.4399995803833,12.758000373840332,12.989999771118164,306300,0,0.0,0.0038640025004841316,0.10989847805839008,10.21599988937378,14.185509247434556,6.246490531313004,11.769999980926514,10.914999961853027,6.684249997138977,7.500000238418579,10.90999984741211
2019-12-16,13.039999961853027,13.75,13.039999961853027,13.43000030517578,380500,0,0.0,0.03387225110164427,0.11362098690287241,10.549999904632568,14.418531738161256,6.681468071103879,11.925000190734863,10.914999961853027,6.686750054359436,7.500000238418579,10.729999542236328
2019-12-17,13.359999656677246,13.5,13.010000228881836,13.220000267028809,292200,0,0.0,-0.015636636885707267,0.1118443367880765,10.887499928474426,14.434412314463762,7.340587542485091,11.925000190734863,10.940000057220459,6.665000081062317,7.528500080108643,10.630000114440918
2019-12-18,13.210000038146973,13.229999542236328,12.079999923706056,12.170000076293944,324300,0,0.0,-0.07942512628790233,0.10296108621409684,11.1614999294281,14.169353173506163,8.153646685350036,11.925000190734863,10.940000057220459,6.665000081062317,7.5950000286102295,10.68000030517578
2019-12-19,12.170000076293944,12.630000114440918,11.899999618530272,12.0,274400,0,0.0,-0.013968781859343471,0.10152284526077107,11.279499912261963,14.223132114049776,8.335867710474151,12.079999923706055,10.940000057220459,6.665000081062317,7.62250018119812,10.5600004196167
2019-12-20,12.050000190734863,12.34000015258789,11.15999984741211,11.670000076293944,432600,0,0.0,-0.027499993642171372,0.09873096766156472,11.36299991607666,14.250316964592546,8.475682867560774,12.454999923706055,11.044999837875366,6.665000081062317,7.635500192642212,10.170000076293944
2019-12-23,11.609999656677246,12.5,11.529999732971191,12.079999923706056,370400,0,0.0,0.03513280588960521,0.10219966358371137,11.491999912261964,14.261746748054435,8.722253076469492,12.454999923706055,11.044999837875366,6.665000081062317,7.635500192642212,10.0
2019-12-24,12.079999923706056,12.720000267028809,12.0,12.600000381469728,174300,0,0.0,0.04304639578210678,0.10659899075113398,11.645999908447266,14.298837110575716,8.993162706318815,12.454999923706055,11.044999837875366,6.585000038146973,7.635500192642212,9.619999885559082
2019-12-26,12.56999969482422,13.539999961853027,12.380000114440918,13.479999542236328,358300,0,0.0,0.06984120112097592,0.11404399230347698,11.849999904632568,14.405266217947688,9.29473359131745,12.454999923706055,11.044999837875366,6.580000042915344,7.645000219345093,9.779999732971191
2019-12-27,13.479999542236328,14.579999923706056,13.479999542236328,14.020000457763672,537600,0,0.0,0.040059416458834596,0.11861252808579009,12.138499927520751,14.26559354088808,10.011406314153422,12.869999885559082,11.559999942779541,6.580000042915344,7.65500020980835,10.34000015258789
2019-12-30,14.0,14.375,13.100000381469728,13.880000114440918,345000,0,0.0,-0.009985758826792868,0.1174280919864892,12.351499938964844,14.26769758610278,10.435302291826908,12.869999885559082,11.039999961853027,10.899999976158142,10.609999895095825,9.960000038146973
2019-12-31,13.970000267028809,14.0,13.260000228881836,13.670000076293944,264800,0,0.0,-0.015129685620714595,0.11565144187169325,12.502499961853028,14.33163809968438,10.673361824021676,12.869999885559082,11.039999961853027,10.912500023841858,10.634999990463257,9.75
2020-01-02,13.770000457763672,13.800000190734863,13.25,13.390000343322754,280800,0,0.0,-0.02048278942271231,0.11328257774140231,12.595499992370605,14.406247202851018,10.784752781890193,12.869999885559082,11.039999961853027,10.912500023841858,10.644999980926514,9.670000076293944
2020-01-03,13.199999809265137,13.229999542236328,12.260000228881836,12.600000381469728,323500,0,0.0,-0.05899924881234064,0.10659899075113399,12.626000022888183,14.415111249493053,10.836888796283313,12.869999885559082,11.039999961853027,10.912500023841858,10.644999980926514,9.920000076293944
2020-01-06,12.510000228881836,13.138999938964844,12.270000457763672,12.75,228200,0,0.0,0.011904731268966406,0.10786802308956928,12.689500045776366,14.39893953576702,10.980060555785712,13.054999828338623,11.039999961853027,10.964999914169312,10.644999980926514,9.239999771118164
2020-01-07,12.920000076293944,13.6899995803833,12.470000267028809,13.350000381469728,283600,0,0.0,0.04705885344860605,0.11294416857993217,12.820500087738036,14.291778421039599,11.349221754436474,13.289999961853027,11.494999885559082,10.977499842643738,10.684999942779541,9.119999885559082
2020-01-08,13.399999618530272,13.600000381469728,12.619999885559082,13.489999771118164,314600,0,0.0,0.010486845366892927,0.1141285966109222,12.932000064849854,14.240682694595556,11.623317435104152,13.420000076293945,12.09499979019165,10.977499842643738,10.727999925613403,9.260000228881836
2020-01-09,13.550000190734863,14.350000381469728,13.15999984741211,13.770000457763672,306300,0,0.0,0.020756166893715067,0.11649746880952398,13.004500102996825,14.330265001728304,11.678735204265347,13.420000076293945,12.340000152587892,10.979999899864197,10.884999990463257,9.449999809265137
2020-01-10,13.84000015258789,13.979999542236328,12.859999656677246,13.109999656677246,311800,0,0.0,-0.047930339807237266,0.11091370554280047,13.030500078201294,14.342914324877233,11.718085831525356,13.317500114440918,12.340000152587892,11.237499952316284,10.884999990463257,9.119999885559082
2020-01-13,13.170000076293944,13.399999618530272,12.529999732971191,13.18000030517578,214400,0,0.0,0.005339485151159451,0.11150592762660633,13.042500114440918,14.355782964449762,11.729217264432073,13.305000305175781,12.340000152587892,10.329999923706055,10.884999990463257,9.760000228881836
2020-01-14,13.220000267028809,13.68000030517578,12.90999984741211,13.300000190734863,139700,0,0.0,0.009104695203380198,0.11252115511101675,13.058000135421754,14.37579733635382,11.740202934489687,13.305000305175781,12.340000152587892,10.329999923706055,10.884999990463257,8.9399995803833
2020-01-15,13.279999732971191,13.845000267028809,13.279999732971191,13.520000457763672,107900,0,0.0,0.01654137322359328,0.11438240953325791,13.062500143051148,14.386012119706294,11.738988166396002,13.305000305175781,12.494999885559082,10.329999923706055,10.884999990463257,9.010000228881836
2020-01-16,13.649999618530272,13.6899995803833,12.779999732971191,12.789999961853027,171100,0,0.0,-0.053994117691871235,0.10820643225103938,13.041000127792358,14.367579559849323,11.714420695735393,13.3100004196167,12.869999885559082,10.329999923706055,10.884999990463257,8.949999809265137
2020-01-17,12.829999923706056,13.149999618530272,12.529999732971191,12.529999732971191,131500,0,0.0,-0.02032839950408938,0.10600676866732807,13.05900011062622,14.346598479981038,11.771401741271402,13.410000324249268,12.869999885559082,10.466249942779541,10.884999990463257,9.0
2020-01-21,12.5,12.649999618530272,11.984999656677246,11.989999771118164,161700,0,0.0,-0.043096566110219614,0.1014382409533258,13.05850009918213,14.347767814267016,11.769232384097243,13.167500019073486,12.869999885559082,10.809999942779541,10.884999990463257,8.710000038146973
2020-01-22,11.970000267028809,12.199999809265137,10.800000190734863,10.84000015258789,202700,0,0.0,-0.09591323106614424,0.09170897150982625,13.017000102996827,14.520517190850404,11.51348301514325,12.575000286102295,12.690000057220459,11.109999895095825,10.884999990463257,8.539999961853027
2020-01-23,10.850000381469728,11.06999969482422,10.199999809265137,10.90999984741211,267900,0,0.0,0.006457536331999636,0.09230118552532127,12.958500099182128,14.680945654114005,11.236054544250251,12.089999675750732,12.389999866485596,11.34249997138977,10.884999990463257,8.460000038146973
2020-01-24,10.9399995803833,11.029999732971191,10.539999961853027,10.729999542236328,103500,0,0.0,-0.016498653317440493,0.09077834026455023,12.86500005722046,14.84227024038068,10.88772987406024,12.022500038146973,12.389999866485596,11.420000076293945,10.884999990463257,8.289999961853027
2020-01-27,10.359999656677246,10.93000030517578,10.3100004196167,10.630000114440918,95100,0,0.0,-0.009319611562123908,0.08993232139503031,12.722500085830688,14.904469857973538,10.540530313687839,12.022500038146973,12.389999866485596,11.432500123977661,10.884999990463257,8.510000228881836
2020-01-28,10.640000343322754,10.869999885559082,10.550000190734863,10.68000030517578,68100,0,0.0,0.004703686754145453,0.09035533486394566,12.555500078201295,14.82515258963657,10.28584756676602,12.022500038146973,12.389999866485596,11.432500123977661,10.884999990463257,8.460000038146973
2020-01-29,10.68000030517578,10.770000457763672,10.510000228881836,10.5600004196167,64300,0,0.0,-0.011235944019676203,0.08934010737953527,12.389500093460082,14.732641813420276,10.046358373499888,11.944999694824219,12.389999866485596,11.509999990463257,10.884999990463257,7.920000076293945
2020-01-30,10.460000038146973,10.460000038146973,10.079999923706056,10.170000076293944,94000,0,0.0,-0.03693184922590298,0.08604061200396829,12.214500093460083,14.670302975766692,9.758697211153475,11.614999771118164,12.329999923706056,11.74999988079071,10.884999990463257,6.510000228881836
2020-01-31,10.130000114440918,10.199999809265137,9.770000457763672,10.0,87200,0,0.0,-0.016715838251585624,0.08460237105064251,12.045000076293945,14.619284917121412,9.470715235466479,11.210000038146973,12.175000190734863,11.74999988079071,10.884999990463257,5.960000038146973
2020-02-03,9.949999809265137,10.16100025177002,9.524999618530272,9.619999885559082,137800,0,0.0,-0.03800001144409182,0.0813874799825208,11.896000051498413,14.66437275424804,9.127627348748787,10.862499713897705,12.052499771118164,11.74999988079071,10.884999990463257,4.989999771118164
2020-02-04,9.68000030517578,10.220000267028809,9.449999809265137,9.779999732971191,204300,0,0.0,0.016632000968346272,0.08274111662840135,11.747500038146972,14.634115269365928,8.860884806928016,10.259999752044678,12.014999866485596,11.74999988079071,10.884999990463257,4.050000190734863
2020-02-05,9.770000457763672,10.34000015258789,9.600000381469728,10.34000015258789,130100,0,0.0,0.05725975817041973,0.0874788529572941,11.597000026702881,14.446961296168828,8.747038757236934,10.239999771118164,11.912499904632568,12.214999914169312,10.884999990463257,4.349999904632568
2020-02-06,10.34000015258789,10.520000457763672,9.699999809265137,9.960000038146973,114100,0,0.0,-0.03675049408445241,0.08426396188917239,11.420500040054321,14.21578029798481,8.625219782123832,10.190000057220459,11.900000095367432,11.954999923706055,10.884999990463257,3.5
2020-02-07,9.90999984741211,10.149999618530272,9.699999809265137,9.75,84400,0,0.0,-0.02108434109866153,0.08248731177437646,11.219500017166137,13.88376836537362,8.555231668958655,10.15999984741211,11.900000095367432,11.954999923706055,10.884999990463257,4.179999828338623
2020-02-10,9.710000038146973,9.970000267028809,9.619999885559082,9.670000076293944,102400,0,0.0,-0.008205120380108344,0.08181049345143618,11.047500038146973,13.64394343074836,8.451056645545586,10.110000133514404,11.900000095367432,11.954999923706055,10.884999990463257,3.7100000381469727
2020-02-11,9.670000076293944,10.210000038146973,9.56999969482422,9.920000076293944,124400,0,0.0,0.02585315388082332,0.08392555272770225,10.88450002670288,13.328195018529282,8.44080503487648,9.985000133514404,11.900000095367432,11.954999923706055,10.884999990463257,3.799999952316284
2020-02-12,9.949999809265137,10.109999656677246,9.140000343322754,9.239999771118164,175200,0,0.0,-0.06854841733326111,0.0781725889143991,10.681500005722047,12.955724938761293,8.4072750726828,9.830000400543213,11.74500036239624,12.047499895095825,10.884999990463257,3.640000104904175
2020-02-13,9.229999542236328,9.4399995803833,8.9399995803833,9.119999885559082,98200,0,0.0,-0.012987000923330161,0.07715736142998869,10.461499977111817,12.421172635210043,8.501827319013591,9.730000019073486,11.644999980926514,12.392499923706055,10.90999984741211,4.03000020980835
2020-02-14,9.09000015258789,9.449999809265137,9.055999755859377,9.260000228881836,60700,0,0.0,0.015350915030649892,0.07834179752928959,10.284999990463257,11.99086378699411,8.579136193932404,9.730000019073486,11.644999980926514,12.757499933242798,10.90999984741211,4.519999980926514
2020-02-18,9.260000228881836,9.479999542236328,8.670000076293945,9.449999809265137,95000,0,0.0,0.020518312709182585,0.07994923902919503,10.130999994277953,11.522402392771712,8.739597595784195,9.595000267028809,11.324999809265137,12.880000114440918,10.914999961853027,5.300000190734863
2020-02-19,9.449999809265137,10.210000038146973,9.109999656677246,9.119999885559082,257300,0,0.0,-0.03492062755202496,0.07715736142998869,9.9875,11.153968806319929,8.821031193680072,9.595000267028809,11.257500171661377,12.828750133514404,10.914999961853027,5.349999904632568
2020-02-20,9.119999885559082,9.989999771118164,9.119999885559082,9.760000228881836,121700,0,0.0,0.07017547712211614,0.08257191608182171,9.933500003814697,11.03458120848719,8.832418799142204,9.440000057220459,11.257500171661377,12.822500228881836,10.914999961853027,5.860000133514404
2020-02-21,9.739999771118164,9.82699966430664,8.800000190734863,8.9399995803833,187300,0,0.0,-0.0840164579168744,0.07563451616921765,9.834999990463256,10.921240069623048,8.748759911303464,9.440000057220459,11.257500171661377,12.822500228881836,10.914999961853027,5.659999847412109
2020-02-24,8.720000267028809,9.170000076293944,8.420000076293945,9.010000228881836,141700,0,0.0,0.007830050535140298,0.07622673825302351,9.749000024795532,10.80997416988853,8.688025879702533,9.315000057220459,11.054999828338623,12.900000095367432,10.914999961853027,5.760000228881836
2020-02-25,9.020000457763672,9.029999732971191,8.699999809265137,8.949999809265137,107600,0,0.0,-0.006659313883740636,0.07571912047666289,9.665000009536744,10.699059758037489,8.630940261035999,9.315000057220459,10.78499984741211,13.09000015258789,10.914999961853027,5.179999828338623
2020-02-26,8.970000267028809,9.09000015258789,8.729999542236328,9.0,54900,0,0.0,0.005586613608986157,0.07614213394557828,9.580999994277954,10.541134904210814,8.620865084345095,9.315000057220459,10.53499984741211,13.140000104904175,10.914999961853027,5.179999828338623
2020-02-27,8.930000305175781,9.170000076293944,8.369999885559082,8.710000038146973,110800,0,0.0,-0.032222217983669754,0.07368866550784207,9.488499975204467,10.40875087394853,8.568249076460404,9.289999961853027,10.28499984741211,13.018749952316284,10.914999961853027,5.369999885559082
2020-02-28,8.5600004196167,8.869999885559082,8.149999618530273,8.539999961853027,143200,0,0.0,-0.019517804311067755,0.07225042455451629,9.406999969482422,10.359888583298623,8.454111355666221,9.179999828338623,9.609999656677246,12.632500171661377,10.914999961853027,5.940000057220459
2020-03-02,8.5600004196167,8.600000381469727,8.020000457763672,8.460000038146973,53400,0,0.0,-0.009367672606955812,0.07157360623157602,9.329999971389771,10.327119153634172,8.33288078914537,9.115000247955322,9.525000095367432,12.239999771118164,10.914999961853027,5.829999923706055
2020-03-03,8.4399995803833,8.75,8.199999809265137,8.289999961853027,55300,0,0.0,-0.020094571575342557,0.07013536527825023,9.263499975204468,10.348879186230509,8.178120764178427,9.005000114440918,9.475000381469727,12.206249952316284,10.914999961853027,6.159999847412109
2020-03-04,8.380000114440918,8.79699993133545,8.3100004196167,8.510000228881836,136200,0,0.0,0.02653802992052512,0.0719966197004914,9.2,10.305712194623185,8.094287805376814,8.923500061035156,9.445000171661377,12.206249952316284,10.940000057220459,7.449999809265137
2020-03-05,8.430000305175781,8.595000267028809,8.109999656677246,8.460000038146973,61900,0,0.0,-0.0058754629130525204,0.07157360623157602,9.105999994277955,10.123261987685504,8.088738000870405,8.595000267028809,9.395000457763672,12.206249952316284,10.940000057220459,8.600000381469727
2020-03-06,8.329999923706055,8.380000114440918,7.710000038146973,7.920000076293945,121300,0,0.0,-0.06382978243712933,0.06700507851757376,9.003999996185303,10.066868384732832,7.941131607637775,8.440000057220459,9.115000247955322,12.167499780654907,10.940000057220459,9.449999809265137
2020-03-09,7.5,7.5,6.5,6.510000228881836,193100,0,0.0,-0.17803028204917637,0.055076145490362896,8.842000007629395,10.31463978285964,7.369360232399149,7.835000038146972,8.510000228881836,11.97249984741211,11.044999837875366,10.210000038146973
2020-03-10,6.690000057220459,6.764999866485596,5.820000171661377,5.960000038146973,150700,0,0.0,-0.08448543339442127,0.05042301346891539,8.656500005722046,10.546016497666558,6.766983513777534,7.49500012397766,8.170000314712524,11.692500114440918,11.044999837875366,10.329999923706056
2020-03-11,5.840000152587891,5.989999771118164,4.929999828338623,4.989999771118164,184800,0,0.0,-0.1627517216141482,0.042216581217876026,8.409999990463257,10.801622733014849,6.018377247911665,6.8999998569488525,7.7250001430511475,11.457499742507935,11.044999837875366,11.40999984741211
2020-03-12,4.539999961853027,4.760000228881836,4.010000228881836,4.050000190734863,165900,0,0.0,-0.18837667805597214,0.03426396188917239,8.150500011444091,11.175694551249226,5.125305471638956,6.403500080108643,7.265000343322754,11.137499809265137,11.044999837875366,12.09000015258789
2020-03-13,4.809999942779541,4.883999824523926,4.010000228881836,4.349999904632568,252700,0,0.0,0.07407399994301511,0.03680203060019842,7.912000012397766,11.325520591392738,4.498479433402795,6.403500080108643,7.265000343322754,11.076249837875366,11.559999942779541,12.449999809265137
2020-03-16,4.010000228881836,4.28000020980835,3.3399999141693115,3.5,301300,0,0.0,-0.1954022812109384,0.029610829867724887,7.624000000953674,11.482119203287429,3.76588079861992,6.06849992275238,6.774999976158142,11.045000076293945,11.039999961853027,12.43000030517578
2020-03-17,3.7300000190734863,4.349999904632568,3.5,4.179999828338623,356600,0,0.0,0.19428566523960655,0.035363789646872625,7.360500001907349,11.401336066050947,3.3196639377637513,5.96750009059906,6.774999976158142,11.02999997138977,11.039999961853027,13.010000228881836
2020-03-18,3.700000047683716,4.296000003814697,3.609999895095825,3.7100000381469727,121500,0,0.0,-0.11244014581178963,0.03138747998252081,7.090000009536743,11.344519024778059,2.835480994295427,5.860000014305115,6.774999976158142,11.005000114440918,11.039999961853027,13.699999809265137
2020-03-19,3.799999952316284,4.21999979019165,3.5299999713897705,3.799999952316284,171100,0,0.0,0.024258736723427043,0.03214890059582862,6.791999995708466,11.091878798623835,2.492121192793096,5.419999957084656,6.774999976158142,10.942500114440918,11.039999961853027,13.81999969482422
2020-03-20,3.809999942779541,4.150000095367432,3.630000114440918,3.640000104904175,209500,0,0.0,-0.04210522353153756,0.03079526394994807,6.5270000219345095,10.917999168953413,2.136000874915606,5.052499890327454,6.774999976158142,10.787500381469727,11.039999961853027,12.710000038146973
2020-03-23,3.650000095367432,4.139999866485596,3.650000095367432,4.03000020980835,179100,0,0.0,0.10714288287484597,0.03409475730843732,6.278000020980835,10.641971923806857,1.914028118154814,4.664999842643738,6.774999976158142,10.6875,11.494999885559082,12.640000343322754
2020-03-24,4.210000038146973,4.650000095367432,4.119999885559082,4.519999980926514,104300,0,0.0,0.12158802620545428,0.0382402715535242,6.056500029563904,10.302343221254127,1.8106568378736814,4.111999869346619,6.774999976158142,10.6875,11.759999752044678,13.43000030517578
2020-03-25,4.590000152587891,5.320000171661377,4.369999885559082,5.300000190734863,120600,0,0.0,0.17256641882738788,0.0448392582705027,5.871500039100647,9.902962393102548,1.8400376850987463,4.330000042915344,6.774999976158142,10.460000038146973,11.625,11.210000038146973
2020-03-26,5.309999942779541,5.460000038146973,5.019999980926514,5.349999904632568,103900,0,0.0,0.009433907943081188,0.04526226770526267,5.703500032424927,9.519844815413277,1.8871552494365766,4.399999976158142,6.664999842643738,10.426250219345093,11.625,11.960000038146973
2020-03-27,4.949999809265137,6.03000020980835,4.800000190734863,5.860000133514404,131000,0,0.0,0.09532714728466196,0.049576990565240044,5.569500041007996,9.156987604973201,1.9820124770427903,4.765000104904175,6.583499789237976,10.348750114440918,11.625,11.960000038146973
2020-03-30,5.940000057220459,6.019999980926514,5.460000038146973,5.659999847412109,91200,0,0.0,-0.03412974087806875,0.04788494072373394,5.429500031471252,8.761642530590207,2.0973575323522975,4.78000009059906,6.2549999952316275,10.348750114440918,11.625,11.84000015258789
2020-03-31,5.670000076293945,6.0,5.570000171661377,5.760000228881836,68600,0,0.0,0.01766791239675558,0.048730967661564706,5.303000044822693,8.36994345810409,2.236056631541295,4.78000009059906,6.2549999952316275,10.184999942779541,11.5,11.5
2020-04-01,5.75,5.75,5.039999961853027,5.179999828338623,50300,0,0.0,-0.10069450998195639,0.04382402675193688,5.136500024795533,7.823060915777309,2.449939133813756,4.830000162124634,6.2549999952316275,10.049999952316284,11.5,11.739999771118164
2020-04-02,5.150000095367432,5.46999979019165,5.0,5.179999828338623,44600,0,0.0,0.0,0.04382402675193688,4.972500014305115,7.1806475641895,2.764352464420729,4.840000152587891,6.2549999952316275,9.924999952316284,11.5,14.300000190734863
2020-04-03,5.170000076293945,5.670000076293945,5.019999980926514,5.369999885559082,82200,0,0.0,0.036679548941490614,0.04543147228599775,4.845000004768371,6.601574222345715,3.0884257871910283,5.075000047683716,6.104999899864197,9.787499904632568,11.474999904632568,13.470000267028809
2020-04-06,5.449999809265137,6.050000190734863,5.449999809265137,5.940000057220459,87800,0,0.0,0.10614528562546388,0.050253808888180325,4.816499996185303,6.479083469040443,3.153916523330162,5.210000038146973,6.06849992275238,9.394999742507935,11.364999771118164,12.470000267028809
2020-04-07,6.230000019073486,6.590000152587891,5.639999866485596,5.829999923706055,76400,0,0.0,-0.018518540817300533,0.049323181677059735,4.809999990463257,6.455392634904416,3.1646073460220974,5.695000171661377,6.06849992275238,9.320000171661377,11.300000190734863,12.6899995803833
2020-04-08,6.230000019073486,6.239999771118164,5.739999771118164,6.159999847412109,97300,0,0.0,0.056603761239207406,0.05211505927626607,4.868499994277954,6.616475225442412,3.1205247631134965,5.695000171661377,6.06849992275238,9.240000247955322,11.300000190734863,12.4399995803833
2020-04-09,6.090000152587891,7.659999847412109,6.090000152587891,7.449999809265137,252100,0,0.0,0.20941558341027755,0.06302876481906652,5.038499975204468,7.075781481095365,3.001218469313571,6.329999923706055,5.96750009059906,9.184250116348267,11.300000190734863,12.56999969482422
2020-04-13,7.420000076293945,9.720000267028809,7.150000095367432,8.600000381469727,319300,0,0.0,0.15436249686535564,0.07275804233087692,5.250999999046326,7.788064860525987,2.713935137566665,7.360000133514404,6.53000009059906,8.99500036239624,11.300000190734863,12.229999542236328
2020-04-14,8.920000076293945,9.600000381469728,8.668000221252441,9.449999809265137,295400,0,0.0,0.09883713838279462,0.07994923902919503,5.548499989509582,8.552465396853545,2.5445345821656185,7.360000133514404,6.53000009059906,8.77750015258789,11.144999980926514,12.920000076293944
2020-04-15,9.670000076293944,10.739999771118164,9.05500030517578,10.210000038146973,302000,0,0.0,0.08042330626681093,0.08637902116543845,5.85,9.409642187482328,2.2903578125176707,7.869999885559082,7.039999842643738,8.172500133514404,10.539999961853027,13.09000015258789
2020-04-16,10.460000038146973,10.600000381469728,9.859999656677246,10.329999923706056,188200,0,0.0,0.01175317190114944,0.08739424864984888,6.180999994277954,10.100194744917225,2.2618052436386833,7.879999876022339,7.039999842643738,7.832500219345093,10.200000047683716,12.770000457763672
2020-04-17,10.739999771118164,11.869999885559082,10.5600004196167,11.40999984741211,370800,0,0.0,0.1045498481783711,0.09653130407785339,6.561499989032745,10.938340788501373,2.184659189564117,8.65999984741211,7.604999899864197,7.3125,9.754999876022339,12.720000267028809
2020-04-20,11.010000228881836,12.43000030517578,11.010000228881836,12.09000015258789,484300,0,0.0,0.05959687241626144,0.10228426789115655,6.9839999914169315,11.768240414697807,2.199759568136055,9.035000085830688,7.8850001096725455,6.834250211715698,9.295000076293945,12.25
2020-04-21,12.199999809265137,12.720000267028809,11.899999618530272,12.449999809265137,443000,0,0.0,0.029776646164904053,0.10532995034438777,7.4049999713897705,12.547834667311122,2.2621652754684183,9.230000019073486,8.03000009059906,6.834250211715698,9.192500114440918,12.239999771118164
2020-04-22,12.890000343322754,12.93000030517578,12.149999618530272,12.43000030517578,311900,0,0.0,-0.0016063858952410914,0.10516074979780811,7.800499987602234,13.20778774427987,2.3932122309245996,9.510000228881836,8.21500015258789,6.421749949455261,8.845000147819519,12.8100004196167
2020-04-23,12.760000228881836,13.1899995803833,12.359999656677246,13.010000228881836,260600,0,0.0,0.046661296014976594,0.11006768667328053,8.185999989509583,13.91843587906652,2.4535640999526453,10.169999837875366,8.359999775886536,6.371250033378601,8.845000147819519,12.720000267028809
2020-04-24,13.25,13.869999885559082,13.0649995803833,13.699999809265137,250600,0,0.0,0.05303609287043054,0.11590524672571809,8.60349998474121,14.659668942398383,2.547331027084039,11.269000053405762,8.699999928474426,6.317499995231628,8.845000147819519,13.010000228881836
2020-04-27,13.9399995803833,14.239999771118164,13.350000381469728,13.81999969482422,263700,0,0.0,0.008759115856186384,0.11692047421012852,9.001499962806701,15.327379000902818,2.675620924710584,11.647500038146973,8.934999942779541,6.097499966621399,8.845000147819519,12.619999885559082
2020-04-28,14.300000190734863,14.300000190734863,12.0600004196167,12.710000038146973,254100,0,0.0,-0.08031835609178473,0.1075296139280991,9.353999972343445,15.681512465688773,3.026487478998117,12.079999923706055,8.975000143051147,5.913749933242798,8.845000147819519,12.199999809265137
2020-04-29,12.949999809265137,13.359999656677246,12.34000015258789,12.640000343322754,209400,0,0.0,-0.005507450402370329,0.10693739991260406,9.697999978065491,15.953432956672012,3.44256699945897,12.430000305175781,9.210000038146973,5.71999990940094,8.845000147819519,12.149999618530272
2020-04-30,12.640000343322754,13.760000228881836,12.34000015258789,13.43000030517578,250800,0,0.0,0.06249999528444272,0.11362098690287238,10.110500001907349,16.20404315804145,4.016956845773247,12.65500020980835,9.335000038146973,5.44349992275238,8.845000147819519,12.720000267028809
2020-05-01,13.199999809265137,13.229999542236328,11.079999923706056,11.210000038146973,213600,0,0.0,-0.16530157979022853,0.09483925827050271,10.412000012397765,16.077060771131215,4.746939253664317,12.690000057220459,9.550000190734863,5.552500009536743,8.65999972820282,12.609999656677246
2020-05-04,11.020000457763672,12.079999923706056,10.619999885559082,11.960000038146973,131200,0,0.0,0.06690454928169443,0.1011844360993009,10.74150002002716,15.937495811449406,5.545504228604915,12.460000038146973,9.550000190734863,5.53249990940094,8.59250009059906,13.029999732971191
2020-05-05,12.220000267028809,12.5600004196167,11.720000267028809,11.960000038146973,111900,0,0.0,0.0,0.1011844360993009,11.042500019073486,15.761699397664108,6.323300640482865,12.460000038146973,9.650000095367432,5.674249947071075,8.59250009059906,11.970000267028809
2020-05-06,12.039999961853027,12.25,11.640000343322754,11.84000015258789,129700,0,0.0,-0.010033435215412778,0.1001692086148905,11.343000030517578,15.410033539789119,7.275966521246037,12.460000038146973,9.650000095367432,5.517500042915344,8.59250009059906,12.40999984741211
2020-05-07,10.720000267028809,11.850000381469728,10.541000366210938,11.5,140700,0,0.0,-0.028716228733626892,0.09729272670823891,11.610000038146973,14.90028156434968,8.319718511944266,12.4205002784729,9.650000095367432,5.517500042915344,8.514999747276306,13.84000015258789
2020-05-08,11.470000267028809,11.989999771118164,10.864999771118164,11.739999771118164,155700,0,0.0,0.02086954531462304,0.09932318167705974,11.824500036239623,14.497382975613771,9.151617096865476,12.4205002784729,9.650000095367432,5.542500078678131,8.244999766349792,13.670000076293944
2020-05-11,11.75,14.470000267028809,11.75,14.300000190734863,297200,0,0.0,0.2180579616291487,0.120981392216081,12.10950002670288,14.54930319794175,9.66969685546401,12.505500316619873,9.745000123977661,5.5475000739097595,7.994999766349792,13.550000190734863
2020-05-12,14.020000457763672,14.520000457763672,13.210000038146973,13.470000267028809,188100,0,0.0,-0.058041951932547575,0.11395939606434254,12.310500049591065,14.486146355689273,10.134853743492856,12.530500411987305,9.985000133514404,5.589999973773956,7.769999861717224,14.130000114440918
2020-05-13,13.520000457763672,13.739999771118164,12.0,12.470000267028809,141400,0,0.0,-0.07423904826845107,0.10549915895927828,12.423500061035156,14.371541441155898,10.475458680914414,12.530500411987305,10.080000162124634,5.6392499804496765,7.204999804496766,14.520000457763672
2020-05-14,12.149999618530272,12.90999984741211,11.75,12.6899995803833,105900,0,0.0,0.01764228617830743,0.10736040531320862,12.541500043869018,14.234655366006622,10.848344721731413,12.530500411987305,10.130000114440918,5.881750047206879,7.1849998235702515,14.5
2020-05-15,12.649999618530272,13.0,12.211000442504885,12.4399995803833,87600,0,0.0,-0.019700552266877946,0.10524534603694255,12.593000030517578,14.205225551113822,10.980774509921334,12.530500411987305,10.305000305175781,5.881750047206879,7.1350001096725455,14.31999969482422
2020-05-18,12.899999618530272,13.1899995803833,12.329999923706056,12.56999969482422,104700,0,0.0,0.01045017032363238,0.10634517782879822,12.617000007629395,14.212585524172912,11.021414491085878,12.530500411987305,10.835000276565552,6.148750007152557,7.104999899864197,14.109999656677246
2020-05-19,12.630000114440918,12.970000267028809,12.199999809265137,12.229999542236328,98400,0,0.0,-0.027048541037585694,0.10346869592214662,12.605999994277955,14.209136530377656,11.002863458178254,12.530500411987305,11.594000339508057,6.945000112056732,7.055000185966492,14.8100004196167
2020-05-20,12.399999618530272,13.079999923706056,12.399999618530272,12.920000076293944,81100,0,0.0,0.05641868846149145,0.10930626404289501,12.630499982833863,14.237139816699887,11.023860148967838,12.692500114440918,11.787500381469727,6.945000112056732,6.930000185966492,14.100000381469728
2020-05-21,12.979999542236328,13.239999771118164,12.5,13.09000015258789,87100,0,0.0,0.013157900564247704,0.11074450499622082,12.634499979019164,14.245337589243714,11.023662368794614,13.135000228881836,12.190000057220459,7.45499986410141,7.039999842643738,12.0
2020-05-22,13.0,13.1850004196167,12.68000030517578,12.770000457763672,51300,0,0.0,-0.024446118494578895,0.10803723170445972,12.588000011444091,14.12430165677608,11.051698366112102,13.135000228881836,12.530500411987305,7.459999859333038,7.039999842643738,11.640000343322754
2020-05-26,12.899999618530272,13.239999771118164,12.5,12.720000267028809,139800,0,0.0,-0.003915441577330925,0.10761421823554435,12.533000040054322,13.962904015880476,11.103096064228168,12.744999885559082,12.530500411987305,8.132499873638153,7.604999899864197,11.43000030517578
2020-05-27,12.81999969482422,12.87399959564209,11.899999618530272,12.25,80500,0,0.0,-0.03694970575174317,0.10363790453703711,12.510000038146973,13.942600812457192,11.077399263836755,12.494999885559082,12.530500411987305,8.460000097751617,7.8850001096725455,11.640000343322754
2020-05-28,12.260000228881836,12.5,11.557000160217283,12.239999771118164,125100,0,0.0,-0.00081634521484375,0.10355330022959187,12.490000009536743,13.925984021207938,11.054015997865548,12.398499965667725,12.530500411987305,8.630000054836273,8.03000009059906,11.920000076293944
2020-05-29,12.170000076293944,12.880000114440918,12.149999618530272,12.8100004196167,135300,0,0.0,0.046568681303697845,0.10837564086592988,12.45900001525879,13.837482342084675,11.080517688432904,12.398499965667725,12.530500411987305,8.862500190734863,8.135000109672546,12.0600004196167
2020-06-01,12.760000228881836,13.1899995803833,12.579999923706056,12.720000267028809,108800,0,0.0,-0.007025772805601793,0.10761421823554436,12.534500026702881,13.789697426942634,11.279302626463128,12.398499965667725,12.530500411987305,9.264999806880951,8.264999747276306,11.56999969482422
2020-06-02,12.699999809265137,13.100000381469728,12.359000205993652,13.010000228881836,111500,0,0.0,0.02279873866077886,0.11006768667328055,12.587000036239624,13.829319343232415,11.344680729246834,12.398499965667725,12.530500411987305,9.984499990940094,8.604999899864197,11.329999923706056
2020-06-03,13.06999969482422,13.239999771118164,12.619999885559082,12.619999885559082,129900,0,0.0,-0.029976966676523498,0.10676819129771359,12.62000002861023,13.828175186870022,11.411824870350438,12.398499965667725,12.530500411987305,10.291249990463257,8.789999842643738,11.09000015258789
2020-06-04,12.529999732971191,12.829999923706056,11.920000076293944,12.199999809265137,98600,0,0.0,-0.033280513478811224,0.10321489106812173,12.638000011444092,13.808910448442527,11.467089574445657,12.398499965667725,12.530500411987305,10.527500033378601,8.820000052452087,10.600000381469728
2020-06-05,12.279999732971191,12.68000030517578,12.020000457763672,12.149999618530272,87100,0,0.0,-0.004098376353817046,0.10279187759920634,12.670499992370605,13.7443091101317,11.596690874609509,12.398499965667725,12.530500411987305,10.820000171661377,8.820000052452087,10.630000114440918
2020-06-08,12.079999923706056,12.890000343322754,12.079999923706056,12.720000267028809,111300,0,0.0,0.046913635094211426,0.10761421823554436,12.719500017166137,13.70377154854905,11.735228485783225,12.398499965667725,12.530500411987305,10.995000123977661,8.820000052452087,11.170000076293944
2020-06-09,12.510000228881836,12.880000114440918,12.503000259399414,12.609999656677246,91200,0,0.0,-0.008647846544209026,0.10668358699026835,12.634999990463257,13.296268208964177,11.973731771962337,12.398499965667725,12.530500411987305,11.120000123977661,8.820000052452087,10.710000038146973
2020-06-10,12.529999732971191,13.670000076293944,12.369999885559082,13.029999732971191,106500,0,0.0,0.03330690624337551,0.11023688721986022,12.612999963760377,13.183870684915195,12.042129242605558,12.795000076293944,12.530500411987305,11.005000114440918,8.820000052452087,10.579999923706056
2020-06-11,12.920000076293944,13.1899995803833,11.710000038146973,11.970000267028809,107400,0,0.0,-0.08135068976710369,0.10126904040674617,12.587999963760376,13.222686038675372,11.953313888845381,12.690000057220459,12.530500411987305,11.055000066757202,8.820000052452087,10.25
2020-06-12,12.289999961853027,12.630000114440918,11.869999885559082,12.40999984741211,75000,0,0.0,0.03675852719863948,0.10499154118291767,12.573999977111816,13.211445228606863,11.93655472561677,12.690000057220459,12.530500411987305,11.055000066757202,8.820000052452087,10.75
2020-06-15,12.06999969482422,14.15999984741211,12.06999969482422,13.84000015258789,170600,0,0.0,0.11522967951316954,0.11708968282501903,12.644000005722045,13.484804269666089,11.803195741778001,12.934999942779541,12.692500114440918,11.035250186920166,8.820000052452087,10.390000343322754
2020-06-16,14.239999771118164,14.239999771118164,13.145000457763672,13.670000076293944,96900,0,0.0,-0.01228324237136369,0.11565144187169321,12.699000024795533,13.651077844851681,11.746922204739384,12.974999904632568,13.038500308990479,11.035250186920166,8.820000052452087,9.0
2020-06-17,13.699999809265137,13.8100004196167,13.460000038146973,13.550000190734863,60200,0,0.0,-0.008778338324019419,0.11463621438728282,12.765000057220458,13.760384102191594,11.769616012249323,12.974999904632568,13.038500308990479,11.125250220298767,8.90500009059906,7.909999847412109
2020-06-18,13.460000038146973,14.1899995803833,13.460000038146973,14.130000114440918,102200,0,0.0,0.04280442181120003,0.11954315126275523,12.825500059127808,13.986471646212358,11.664528472043258,12.974999904632568,12.898499965667725,11.257750272750854,8.930000185966492,7.090000152587891
2020-06-19,14.18000030517578,14.729999542236328,14.09000015258789,14.520000457763672,261700,0,0.0,0.02760087333079153,0.12284264663832219,12.897000074386597,14.27307781329123,11.520922335481963,13.21999979019165,13.143499851226807,11.30525028705597,8.930000185966492,6.659999847412109
2020-06-22,14.510000228881836,14.510000228881836,14.1899995803833,14.5,108800,0,0.0,-0.001377441951317393,0.1226734380234317,12.983500051498414,14.526101770823399,11.440898332173429,13.21999979019165,13.143499851226807,11.330250263214111,8.930000185966492,6.190000057220459
2020-06-23,14.579999923706056,14.729999542236328,14.270000457763672,14.31999969482422,126700,0,0.0,-0.012413814150053715,0.12115059276266069,13.063500022888183,14.706928922769452,11.420071123006915,13.21999979019165,13.143499851226807,11.417750358581543,8.930000185966492,6.150000095367432
2020-06-24,14.329999923706056,14.59000015258789,13.47599983215332,14.109999656677246,154100,0,0.0,-0.014664807445692651,0.11937394264786474,13.156500005722046,14.815869927807007,11.497130083637085,13.299999713897705,13.143499851226807,11.682750344276428,8.930000185966492,5.889999866485596
2020-06-25,14.350000381469728,14.9399995803833,14.079999923706056,14.8100004196167,229700,0,0.0,0.04961026080593789,0.1252961150760584,13.285000038146972,15.037056456158545,11.532943620135399,13.50499963760376,13.248499870300293,12.06225037574768,8.930000185966492,5.989999771118164
2020-06-26,14.710000038146973,14.869999885559082,13.520000457763672,14.100000381469728,1726900,0,0.0,-0.0479405819061649,0.11928934640873036,13.349500036239624,15.121944395679893,11.577055676799354,14.042500019073486,13.248499870300293,12.240000247955322,8.930000185966492,5.889999866485596
2020-06-29,13.18000030517578,13.369000434875488,11.369999885559082,12.0,529400,0,0.0,-0.14893619323794882,0.10152284526077107,13.313500022888183,15.16401726627037,11.462982779505996,13.154999732971191,13.154999732971191,12.662500143051147,8.930000185966492,5.900000095367432
2020-06-30,12.050000190734863,12.163999557495115,11.420000076293944,11.640000343322754,213300,0,0.0,-0.029999971389770508,0.09847716280753985,13.24500002861023,15.233232302787531,11.256767754432929,13.154999732971191,13.154999732971191,12.83275032043457,8.930000185966492,5.570000171661377
2020-07-01,11.710000038146973,12.159000396728516,11.1899995803833,11.43000030517578,128900,0,0.0,-0.018041239858505698,0.0967005126927439,13.185500049591065,15.312899560059847,11.058100539122282,13.0649995803833,13.0649995803833,12.637750148773193,8.930000185966492,6.03000020980835
2020-07-02,11.619999885559082,11.960000038146973,11.09000015258789,11.640000343322754,159100,0,0.0,0.018372706258973803,0.09847716280753986,13.157500076293946,15.350496507051883,10.96450364553601,13.014999866485596,13.014999866485596,12.512750148773193,8.930000185966492,5.989999771118164
2020-07-06,11.90999984741211,12.0,11.3100004196167,11.920000076293944,198400,0,0.0,0.024054959167747025,0.1008460269378308,13.146000099182128,15.36255122751786,10.929448970846396,13.014999866485596,13.014999866485596,12.464500188827515,8.930000185966492,5.789999961853027
2020-07-07,11.970000267028809,12.359999656677246,11.960000038146973,12.0600004196167,69700,0,0.0,0.011744995170023698,0.1020304630371317,13.113000106811523,15.373633652435036,10.85236656118801,13.014999866485596,13.014999866485596,12.464500188827515,9.010000228881836,5.829999923706055
2020-07-08,12.0600004196167,12.18000030517578,11.260000228881836,11.56999969482422,165000,0,0.0,-0.04063024110641389,0.09788494072373399,13.061000108718872,15.412543567141796,10.709456650295948,13.014999866485596,13.014999866485596,12.464500188827515,9.025000214576721,5.949999809265137
2020-07-09,11.65999984741211,11.770000457763672,11.0,11.329999923706056,140500,0,0.0,-0.020743282406958663,0.09585448575491318,12.976000118255616,15.447068457806141,10.50493177870509,12.934999942779541,12.96999979019165,12.464500188827515,9.025000214576721,6.440000057220459
2020-07-10,11.199999809265137,11.399999618530272,11.020000457763672,11.09000015258789,74700,0,0.0,-0.021182680735593706,0.09382403078609233,12.932000112533569,15.503558806702737,10.3604414183644,12.184500217437744,12.96999979019165,12.464500188827515,9.075000286102295,6.409999847412109
2020-07-13,11.220000267028809,11.420000076293944,10.579999923706056,10.600000381469728,140900,0,0.0,-0.04418392825755002,0.08967851654100546,12.84150013923645,15.602705027067296,10.080295251405603,11.46999979019165,12.759999752044678,12.464500188827515,9.085000276565552,6.46999979019165
2020-07-14,10.579999923706056,10.8100004196167,10.350000381469728,10.630000114440918,115900,0,0.0,0.0028301633859970643,0.08993232139503035,12.681000137329102,15.563248329013419,9.798751945644785,11.355000019073486,12.644999980926514,12.464500188827515,9.320000171661377,6.659999847412109
2020-07-15,10.869999885559082,11.43000030517578,10.649999618530272,11.170000076293944,120000,0,0.0,0.050799619570975674,0.09450084910903261,12.556000137329102,15.472852508088128,9.639147766570076,11.355000019073486,12.644999980926514,12.464500188827515,9.445000171661377,6.590000152587891
2020-07-16,11.029999732971191,11.029999732971191,10.630000114440918,10.710000038146973,89700,0,0.0,-0.041181739928832006,0.09060913971797063,12.414000129699707,15.399920867319661,9.428079392079752,11.355000019073486,12.644999980926514,12.464500188827515,9.660000324249268,6.139999866485596
2020-07-17,10.619999885559082,11.123000144958496,10.489999771118164,10.579999923706056,110700,0,0.0,-0.012138199250969262,0.08950930792611499,12.236500120162964,15.2152608237844,9.257739416541527,11.355000019073486,12.644999980926514,12.662750244140625,9.660000324249268,5.929999828338623
2020-07-20,10.600000381469728,11.350000381469728,10.050000190734863,10.25,259200,0,0.0,-0.031190919289767027,0.08671743032690862,12.02300009727478,14.92683814085375,9.11916205369581,11.115000247955322,12.494999885559082,12.610250234603882,9.760000228881836,6.079999923706055
2020-07-21,10.399999618530272,10.875,10.170000076293944,10.75,160600,0,0.0,0.04878048780487809,0.09094754887944076,11.83550009727478,14.55160495229747,9.11939524225209,10.910000324249268,12.494999885559082,12.610250234603882,9.760000228881836,5.809999942779541
2020-07-22,10.720000267028809,10.845999717712402,10.26099967956543,10.390000343322754,79600,0,0.0,-0.03348834015602287,0.08790186642620954,11.639000129699706,14.167931104084664,9.110069155314749,10.740000247955322,12.494999885559082,12.81375002861023,9.760000228881836,5.730000019073486
2020-07-23,10.5600004196167,10.914999961853027,8.899999618530273,9.0,543100,0,0.0,-0.13378251177980494,0.07614213394557832,11.383500146865845,13.894493685550884,8.872506608180807,10.164999961853027,11.919999599456787,13.006750106811523,9.760000228881836,5.829999923706055
2020-07-24,9.140000343322754,9.140000343322754,7.909999847412109,7.909999847412109,279900,0,0.0,-0.1211111280653212,0.06692047421012855,11.038500118255616,13.465297703220454,8.611702533290778,9.670000076293945,11.424999713897705,13.006750106811523,9.770000219345093,5.699999809265137
2020-07-27,7.920000076293945,8.210000038146973,7.034999847412109,7.090000152587891,295200,0,0.0,-0.10366620867793008,0.05998308236583532,10.688000106811524,13.266711688245096,8.109288525377952,9.232500076293945,10.987499713897705,12.936749935150146,9.985000133514404,5.289999961853027
2020-07-28,7.0,7.0,6.550000190734863,6.659999847412109,388900,0,0.0,-0.0606488428662203,0.05634517782879823,10.421000099182129,13.469593065675726,7.372407132688531,8.950000286102295,10.744999885559082,13.181749820709229,10.184999704360962,5.429999828338623
2020-07-29,6.610000133514404,6.610000133514404,6.0,6.190000057220459,519200,0,0.0,-0.07057054068466373,0.05236886816444641,10.148500084877014,13.657440585866688,6.6395595838873405,8.675000190734863,10.46999979019165,13.181749820709229,10.234999656677246,5.300000190734863
2020-07-30,6.170000076293945,6.630000114440918,6.019999980926514,6.150000095367432,492600,0,0.0,-0.006462029318783036,0.05203045900297627,9.884500074386597,13.748615626334582,6.020384522438613,8.675000190734863,10.46999979019165,13.181749820709229,10.40999984741211,5.170000076293945
2020-07-31,6.199999809265137,6.2230000495910645,5.699999809265137,5.889999866485596,279100,0,0.0,-0.042276459325209514,0.04983079541926497,9.59700005054474,13.744310316991069,5.44968978409841,8.307499885559082,10.319999694824219,13.221749782562256,10.93999981880188,5.21999979019165
2020-08-03,5.920000076293945,6.170000076293945,5.78000020980835,5.989999771118164,513100,0,0.0,0.016977912886140034,0.05067681832294031,9.30050003528595,13.588177620783016,5.012822449788883,8.307499885559082,10.28499984741211,13.376749753952026,11.803999900817871,5.260000228881836
2020-08-04,6.0,6.159999847412109,5.71999979019165,5.889999866485596,476400,0,0.0,-0.016694475534829833,0.04983079541926497,8.992000007629395,13.32921693356553,4.654783081693261,8.307499885559082,9.534500122070312,13.64549994468689,11.997499942779541,5.230000019073486
2020-08-05,6.010000228881836,6.2170000076293945,5.769999980926514,5.900000095367432,358100,0,0.0,0.0016978317671512144,0.049915399726710205,8.708500027656555,13.076073658945333,4.340926396367776,7.420000076293945,9.029999732971191,13.154999732971191,12.399999618530273,5.079999923706055
2020-08-06,6.0,6.019999980926514,5.5,5.570000171661377,368400,0,0.0,-0.055932189554567024,0.04712352212750387,8.420500040054321,12.818499060564436,4.022501019544206,6.855000019073486,8.929999828338623,13.154999732971191,12.74049997329712,5.630000114440918
2020-08-07,5.579999923706055,6.239999771118164,5.429999828338623,6.03000020980835,470300,0,0.0,0.08258528257994069,0.051015231518565865,8.167500042915345,12.503179599419457,3.8318204864112317,6.2149999141693115,8.894999742507935,13.0649995803833,12.74049997329712,5.989999771118164
2020-08-10,6.050000190734863,6.650000095367432,5.900000095367432,5.989999771118164,379300,0,0.0,-0.006633571691278095,0.05067681832294031,7.937000012397766,12.220174732699414,3.6538252920961174,6.039999961853027,8.894999742507935,13.014999866485596,12.74049997329712,6.070000171661377
2020-08-11,6.150000095367432,6.150000095367432,5.619999885559082,5.789999961853027,592500,0,0.0,-0.03338895106965967,0.04898477251558962,7.695000004768372,11.88718930452384,3.5028107050129034,6.039999961853027,8.894999742507935,13.014999866485596,12.74049997329712,5.809999942779541
2020-08-12,5.829999923706055,6.050000190734863,5.739999771118164,5.829999923706055,199200,0,0.0,0.006908456324104417,0.04932318167705976,7.427999997138977,11.37107869027879,3.4849213039991653,6.039999961853027,8.805000066757202,13.014999866485596,12.74049997329712,6.230000019073486
2020-08-13,5.820000171661377,6.099999904632568,5.619999885559082,5.949999809265137,311400,0,0.0,0.020583171034211478,0.05033840916147017,7.189999985694885,10.87545845202916,3.5045415193606098,6.039999961853027,8.600000143051147,13.014999866485596,12.74049997329712,5.71999979019165
2020-08-14,6.190000057220459,6.739999771118164,5.949999809265137,6.440000057220459,873200,0,0.0,0.08235298548956438,0.05448392744071248,6.982999992370606,10.329562672912962,3.6364373118282494,6.0849997997283936,8.430000066757202,12.952499866485596,12.74049997329712,5.619999885559082
2020-08-17,6.5,6.519999980926514,6.070000171661377,6.409999847412109,350100,0,0.0,-0.004658417630713174,0.05423011855253217,6.790999984741211,9.784120348779192,3.7978796207032297,6.0849997997283936,8.430000066757202,12.577250003814697,12.74049997329712,5.110000133514404
2020-08-18,6.46999979019165,6.605000019073486,6.260000228881836,6.46999979019165,203600,0,0.0,0.009360365711048368,0.05473773229473738,6.576999974250794,8.948784240794653,4.205215707706934,6.0849997997283936,8.430000066757202,12.114999771118164,12.74049997329712,4.940000057220459
2020-08-19,6.5,6.840000152587891,6.389999866485596,6.659999847412109,263800,0,0.0,0.029366315824073785,0.05634517782879824,6.390499949455261,7.9862675682329005,4.794732330677622,6.134999990463257,8.430000066757202,12.0,12.644999980926514,5.010000228881836
2020-08-20,6.650000095367432,6.698999881744385,6.300000190734863,6.590000152587891,170000,0,0.0,-0.010510464929127439,0.05575296381330321,6.269999957084655,7.32782667796827,5.212173236201041,6.230000019073486,8.390000104904175,12.0,12.644999980926514,4.949999809265137
2020-08-21,6.519999980926514,6.60699987411499,6.099999904632568,6.139999866485596,262000,0,0.0,-0.0682853225618788,0.05194585469553105,6.18149995803833,6.921049600166926,5.441950315909734,6.230000019073486,8.390000104904175,12.0,12.644999980926514,4.840000152587891
2020-08-24,6.289999961853027,6.289999961853027,5.869999885559082,5.929999828338623,222500,0,0.0,-0.03420196135397835,0.05016920458073512,6.123499941825867,6.739322690521718,5.507677193130016,6.230000019073486,8.390000104904175,12.0,12.644999980926514,4.699999809265137
2020-08-25,5.929999828338623,6.25,5.800000190734863,6.079999923706055,202800,0,0.0,0.025295126426581493,0.051438240953325845,6.094499945640564,6.658435043373576,5.530564847907552,6.230000019073486,8.172499895095825,11.805000066757202,12.494999885559082,4.739999771118164
2020-08-26,6.170000076293945,6.170000076293945,5.760000228881836,5.809999942779541,135200,0,0.0,-0.04440789215700114,0.049153977096324714,6.075499939918518,6.650899131433435,5.500100748403601,6.300000190734863,8.172499895095825,11.702500104904175,12.494999885559082,4.800000190734863
2020-08-27,5.829999923706055,5.920000076293945,5.559999942779541,5.730000019073486,235600,0,0.0,-0.013769350171074612,0.04847715877338444,6.054499936103821,6.648060470458095,5.460939401749547,6.200000047683716,8.172499895095825,11.617500066757202,12.494999885559082,5.039999961853027
2020-08-28,5.710000038146973,5.860000133514404,5.679999828338623,5.829999923706055,122000,0,0.0,0.01745199027917943,0.049323181677059784,6.051499938964843,6.648992041605,5.454007836324687,6.200000047683716,7.2850000858306885,11.042499780654907,11.919999599456787,4.880000114440918
2020-08-31,5.800000190734863,5.85699987411499,5.53000020980835,5.699999809265137,201000,0,0.0,-0.022298476182188165,0.048223349885204124,6.036999940872192,6.6537355841818195,5.420264297562565,6.18500018119812,6.819999933242798,10.547499895095825,11.424999713897705,4.989999771118164
2020-09-01,5.739999771118164,5.739999771118164,5.230000019073486,5.289999961853027,219400,0,0.0,-0.07192980019853157,0.044754653963057514,6.006999945640564,6.703547049061346,5.310452842219782,5.9644999504089355,6.115000009536743,10.109999895095825,10.987499713897705,4.929999828338623
2020-09-02,5.289999961853027,5.514999866485596,5.199999809265137,5.429999828338623,126500,0,0.0,0.026465003307212687,0.04593908602820299,5.983499932289123,6.723732725306053,5.243267139272194,5.9034998416900635,6.019999980926514,9.847500085830688,10.744999885559082,5.199999809265137
2020-09-03,5.46999979019165,5.590000152587891,5.210000038146973,5.300000190734863,124400,0,0.0,-0.02394100215718331,0.04483925827050275,5.969999933242798,6.749162352853585,5.190837513632012,5.744999885559082,6.019999980926514,9.572499990463257,10.46999979019165,4.989999771118164
2020-09-04,5.300000190734863,5.349999904632568,4.71999979019165,5.170000076293945,257000,0,0.0,-0.024528322596700347,0.0437394264786471,5.926999926567078,6.780399267520791,5.073600585613364,5.484999895095825,5.7799999713897705,9.572499990463257,10.46999979019165,5.150000095367432
2020-09-08,5.019999980926514,5.369999885559082,5.0,5.21999979019165,86800,0,0.0,0.00967112440229334,0.04416243591340706,5.888499927520752,6.795449919333834,4.981549935707671,5.444999933242798,5.7799999713897705,9.31374979019165,10.319999694824219,5.050000190734863
2020-09-09,5.260000228881836,5.420000076293945,5.199999809265137,5.260000228881836,134900,0,0.0,0.007662919597304585,0.04450084910903261,5.861999940872193,6.809430197004315,4.91456968474007,5.319999933242798,5.7799999713897705,9.296249866485596,10.319999694824219,5.03000020980835
2020-09-10,5.289999961853027,5.489999771118164,5.159999847412109,5.230000019073486,102800,0,0.0,-0.005703461692572409,0.044247040220852296,5.831999945640564,6.819186324686172,4.844813566594955,5.289999961853027,5.7799999713897705,8.921000003814697,10.319999694824219,5.070000171661377
2020-09-11,5.230000019073486,5.360000133514404,5.0,5.079999923706055,81300,0,0.0,-0.028680706466613914,0.04297800384826157,5.78849995136261,6.82696457349808,4.750035329227139,5.28849983215332,5.7799999713897705,8.224999904632568,10.319999694824219,5.28000020980835
2020-09-14,5.210000038146973,5.699999809265137,5.199999809265137,5.630000114440918,156300,0,0.0,0.10826775570768454,0.04763113586970908,5.747999954223633,6.743507656761737,4.752492251685529,5.229999780654907,5.7799999713897705,7.892499923706055,10.21999979019165,5.059999942779541
2020-09-15,5.71999979019165,6.25,5.559999942779541,5.989999771118164,287200,0,0.0,0.06394309935338183,0.05067681832294032,5.726999950408936,6.682240750057483,4.7717591507603885,5.484999895095825,5.7799999713897705,7.554999828338623,10.184999704360962,5.199999809265137
2020-09-16,6.039999961853027,6.320000171661377,5.929999828338623,6.070000171661377,136000,0,0.0,0.013355660033402383,0.051353640680036006,5.706999969482422,6.614213529823368,4.799786409141476,5.519999980926514,5.7799999713897705,7.467499852180481,10.184999704360962,5.170000076293945
2020-09-17,6.010000228881836,6.010000228881836,5.670000076293945,5.809999942779541,80500,0,0.0,-0.04283364440345194,0.0491539770963247,5.664499974250793,6.46089631108325,4.868103637418336,5.519999980926514,5.7799999713897705,7.467499852180481,10.184999704360962,5.230000019073486
2020-09-18,5.980000019073486,6.239999771118164,5.951000213623047,6.230000019073486,246700,0,0.0,0.07228917046994221,0.05270727732591655,5.646499967575073,6.370661315736429,4.922338619413717,5.6600000858306885,5.7799999713897705,7.422500014305115,10.184999704360962,4.929999828338623
2020-09-21,6.179999828338623,6.179999828338623,5.599999904632568,5.71999979019165,191500,0,0.0,-0.08186199475448508,0.048392554465939173,5.625499963760376,6.3143228437544385,4.936677083766313,5.6600000858306885,5.7799999713897705,7.320000052452087,10.184999704360962,4.920000076293945
2020-09-22,5.800000190734863,5.829999923706055,5.579999923706055,5.619999885559082,102000,0,0.0,-0.01748250145114394,0.04754653156226383,5.609999966621399,6.284362268706859,4.935637664535939,5.6600000858306885,5.7799999713897705,7.257499933242798,10.184999704360962,4.670000076293945
2020-09-23,5.650000095367432,5.710000038146973,5.050000190734863,5.110000133514404,186400,0,0.0,-0.09074728868859083,0.043231812736441874,5.561499977111817,6.233166712104724,4.889833242118909,5.6600000858306885,5.7799999713897705,7.257499933242798,10.184999704360962,4.789999961853027
2020-09-24,5.199999809265137,5.234000205993652,4.849999904632568,4.940000057220459,187600,0,0.0,-0.033268115822343014,0.04179357178311608,5.517999982833862,6.231510202592341,4.804489763075383,5.585000038146973,5.7799999713897705,7.257499933242798,10.184999704360962,4.630000114440918
2020-09-25,4.920000076293945,5.046000003814697,4.820000171661377,5.010000228881836,100900,0,0.0,0.01417007507096324,0.04238578983276653,5.48199999332428,6.221558410609076,4.742441576039483,5.570000171661377,5.709499835968018,7.2825000286102295,10.184999704360962,4.710000038146973
2020-09-28,5.130000114440918,5.260000228881836,4.809999942779541,4.949999809265137,117200,0,0.0,-0.01197613111289031,0.041878172056405906,5.437999987602234,6.194211891166336,4.681788084038132,5.565000057220459,5.66349983215332,7.310000061988831,10.184999704360962,4.929999828338623
2020-09-29,4.829999923706055,5.010000228881836,4.760000228881836,4.840000152587891,136600,0,0.0,-0.022222153720360738,0.040947548879440736,5.395000004768372,6.18417940873084,4.605820600805904,5.5,5.519999980926514,7.310000061988831,10.184999704360962,4.809999942779541
2020-09-30,4.900000095367432,4.900000095367432,4.599999904632568,4.699999809265137,113600,0,0.0,-0.028925689857240422,0.03976311278013984,5.365499997138977,6.210910256557757,4.520089737720197,5.419999837875366,5.460000038146973,7.310000061988831,10.184999704360962,4.849999904632568
2020-10-01,4.855000019073486,4.855000019073486,4.650000095367432,4.739999771118164,98300,0,0.0,0.008510630526872509,0.04010152194160997,5.3309999942779545,6.218789930271746,4.443210058284163,5.389999866485596,5.460000038146973,7.201249957084656,10.184999704360962,4.360000133514404
2020-10-02,4.619999885559082,4.849999904632568,4.599999904632568,4.800000190734863,132700,0,0.0,0.012658316986067009,0.040609139717970595,5.305999994277954,6.223855540872611,4.388144447683297,5.2149999141693115,5.460000038146973,7.236250042915344,10.184999704360962,4.78000020980835
2020-10-05,4.869999885559082,5.119999885559082,4.800000190734863,5.039999961853027,101800,0,0.0,0.04999995032946458,0.04263959468679141,5.299499988555908,6.223001143888995,4.3759988332228215,5.1549999713897705,5.460000038146973,7.1862499713897705,10.184999704360962,5.210000038146973
2020-10-06,5.090000152587891,5.190000057220459,4.840000152587891,4.880000114440918,85300,0,0.0,-0.03174600171093711,0.04128595804091087,5.282500004768371,6.223769981632696,4.3412300279040466,4.930000066757202,5.460000038146973,6.742500066757202,10.184999704360962,5.300000190734863
2020-10-07,4.880000114440918,5.059999942779541,4.670000076293945,4.989999771118164,103600,0,0.0,0.022540912724926976,0.04221658121787604,5.268999981880188,6.218972839717664,4.319027124042711,4.930000066757202,5.460000038146973,6.502500057220459,10.184999704360962,5.349999904632568
2020-10-08,5.079999923706055,5.110000133514404,4.880000114440918,4.929999828338623,75600,0,0.0,-0.012024037180686342,0.041708967475670836,5.253999972343445,6.215491982081397,4.292507962605494,4.930000066757202,5.460000038146973,6.039749979972839,10.084999799728394,5.539999961853027
2020-10-09,4.940000057220459,5.21999979019165,4.880000114440918,5.199999809265137,75000,0,0.0,0.05476673231802165,0.043993231332671974,5.259999966621399,6.218534997168206,4.301464936074591,4.909999847412109,5.460000038146973,5.961749911308289,10.069999694824219,6.260000228881836
2020-10-12,5.239999771118164,5.239999771118164,4.949999809265137,4.989999771118164,82100,0,0.0,-0.04038462420187083,0.04221658121787605,5.227999949455262,6.177583243766312,4.278416655144211,4.919999837875366,5.460000038146973,5.882499933242798,10.069999694824219,6.110000133514404
2020-10-13,4.960000038146973,5.230000019073486,4.949999809265137,5.150000095367432,68600,0,0.0,0.03206419470704991,0.04357022189791201,5.185999965667724,6.068272746648769,4.30372718468668,4.919999837875366,5.460000038146973,5.632499933242798,9.829999685287476,5.809999942779541
2020-10-14,5.130000114440918,5.239999771118164,4.960000038146973,5.050000190734863,55300,0,0.0,-0.019417456850636006,0.04272419899423666,5.134999966621399,5.9183420356920164,4.351657897550781,4.919999837875366,5.460000038146973,5.612499952316284,9.829999685287476,5.650000095367432
2020-10-15,4.960000038146973,5.070000171661377,4.829999923706055,5.03000020980835,69100,0,0.0,-0.003960392113094846,0.04255499441350159,5.09599997997284,5.815430834037197,4.376569125908483,4.954999923706055,5.460000038146973,5.549999952316284,9.794999837875366,5.489999771118164
2020-10-16,5.019999980926514,5.210000038146973,5.0,5.070000171661377,41800,0,0.0,0.007952278366714305,0.04289340357497173,5.037999987602234,5.532072191724981,4.543927783479487,4.954999923706055,5.460000038146973,5.534999966621399,9.04450011253357,5.329999923706055
2020-10-19,5.070000171661377,5.5,5.010000228881836,5.28000020980835,158100,0,0.0,0.04142012446483956,0.04467005368976765,5.0160000085830685,5.415935098668515,4.616064918497622,5.085000038146973,5.460000038146973,5.534249901771545,8.539999723434448,5.920000076293945
2020-10-20,5.289999961853027,5.289999961853027,4.860000133514404,5.059999942779541,178200,0,0.0,-0.0416667155846181,0.04280879926752648,4.988000011444091,5.276803160057171,4.699196862831012,5.164999961853027,5.460000038146973,5.504999876022339,8.539999723434448,5.789999961853027
2020-10-21,5.119999885559082,5.389999866485596,4.989999771118164,5.199999809265137,97100,0,0.0,0.02766795811635747,0.04399323133267196,4.992499995231628,5.291503615153296,4.6934963753099606,5.164999961853027,5.460000038146973,5.632499933242798,8.539999723434448,5.639999866485596
2020-10-22,5.21999979019165,5.328999996185303,5.050000190734863,5.170000076293945,80400,0,0.0,-0.005769179629149024,0.04373942647864707,5.003999996185303,5.311703307806296,4.6962966845643095,5.164999961853027,5.419999837875366,5.649999976158142,8.539999723434448,5.809999942779541
2020-10-23,5.21999979019165,5.300000190734863,5.03000020980835,5.230000019073486,55500,0,0.0,0.011605404621686466,0.044247040220852275,5.014999985694885,5.338282807158461,4.691717164231309,5.164999961853027,5.419999837875366,5.649999976158142,8.539999723434448,5.679999828338623
2020-10-26,5.199999809265137,5.199999809265137,4.860000133514404,4.929999828338623,82400,0,0.0,-0.05736141293322772,0.041708967475670836,5.013999986648559,5.338213354762883,4.689786618534236,5.164999961853027,5.389999866485596,5.7200000286102295,8.450000047683716,5.789999961853027
2020-10-27,4.929999828338623,4.980000019073486,4.710000038146973,4.920000076293945,112400,0,0.0,-0.0020283473413522657,0.04162436720238101,5.017999982833862,5.335355735118755,4.700644230548969,5.105000019073486,5.2149999141693115,5.7200000286102295,8.245000123977661,5.679999828338623
2020-10-28,4.760000228881836,4.760000228881836,4.539999961853027,4.670000076293945,148100,0,0.0,-0.050813007342129124,0.03950930792611494,5.016499996185303,5.3401437592280505,4.692856233142555,5.019999980926514,5.125,5.7200000286102295,8.075000047683716,5.739999771118164
2020-10-29,4.630000114440918,4.820000171661377,4.539999961853027,4.789999961853027,65900,0,0.0,0.025695906552171355,0.04052453541052536,5.019000005722046,5.334650008408392,4.7033500030357,5.019999980926514,5.019999980926514,5.7200000286102295,8.075000047683716,5.769999980926514
2020-10-30,4.769999980926514,4.789999961853027,4.420000076293945,4.630000114440918,122500,0,0.0,-0.03340289116624817,0.03917089876464481,5.0105000019073485,5.357257933939017,4.6637420698756795,4.9049999713897705,4.960000038146973,5.682500004768372,8.075000047683716,6.510000228881836
2020-11-02,4.75,4.75,4.449999809265137,4.710000038146973,95600,0,0.0,0.017278600805329614,0.03984771708758508,4.994000005722046,5.3644348082952416,4.62356520314885,4.9049999713897705,4.960000038146973,5.639750003814697,8.075000047683716,6.010000228881836
2020-11-03,4.829999923706055,4.980000019073486,4.53000020980835,4.929999828338623,69600,0,0.0,0.04670908458807643,0.041708967475670836,4.996499991416931,5.364463566855123,4.628536415978739,4.874500036239624,4.960000038146973,5.61424994468689,8.035000085830688,6.230000019073486
2020-11-04,4.880000114440918,5.150000095367432,4.699999809265137,4.809999942779541,74300,0,0.0,-0.02434074842544598,0.04069373999126042,4.9875,5.364453195942742,4.6105468040572575,4.860000133514404,4.960000038146973,5.509999990463257,8.035000085830688,6.25
2020-11-05,4.909999847412109,4.980000019073486,4.739999771118164,4.849999904632568,61000,0,0.0,0.008316000484173136,0.04103214915273056,4.983500003814697,5.36452909525516,4.602470912374234,4.809999942779541,4.960000038146973,5.439999938011169,7.975000143051148,6.349999904632568
2020-11-06,4.630000114440918,4.797999858856201,4.269999980926514,4.360000133514404,144300,0,0.0,-0.10103088262952986,0.03688663490764368,4.941500020027161,5.396664222259489,4.486335817794832,4.710000038146973,4.884999990463257,5.424999952316284,7.757499933242798,6.5
2020-11-09,4.599999904632568,4.940000057220459,4.409999847412109,4.78000020980835,93900,0,0.0,0.096330289778088,0.04043993513723553,4.93100004196167,5.390920223911904,4.471079860011436,4.710000038146973,4.884999990463257,5.337499976158142,7.757499933242798,6.179999828338623
2020-11-10,5.110000133514404,5.349999904632568,4.809999942779541,5.210000038146973,130000,0,0.0,0.08995811913486573,0.04407783564011721,4.934000039100647,5.400402865038729,4.467597213162565,4.809999942779541,4.884999990463257,5.307500004768372,7.757499933242798,6.429999828338623
2020-11-11,5.289999961853027,5.480000019073486,5.019999980926514,5.300000190734863,140500,0,0.0,0.01727450132992714,0.044839258270502724,4.946500039100647,5.437685951812037,4.455314126389256,4.875,4.884999990463257,5.195000052452087,6.870000123977661,6.190000057220459
2020-11-12,5.289999961853027,5.400000095367432,5.039999961853027,5.349999904632568,135400,0,0.0,0.009433907943081188,0.04526226770526269,4.962500023841858,5.4837845647496986,4.441215482934017,4.875,4.884999990463257,5.195000052452087,6.4049999713897705,6.289999961853027
2020-11-13,5.449999809265137,5.650000095367432,5.179999828338623,5.539999961853027,185900,0,0.0,0.035514030020063814,0.046869713239323554,4.986000013351441,5.564445578635717,4.407554448067164,4.960000038146973,4.960000038146973,5.195000052452087,5.799999952316284,6.230000019073486
2020-11-16,5.739999771118164,6.434999942779541,5.550000190734863,6.260000228881836,336500,0,0.0,0.12996394801201072,0.05296108621409685,5.035000014305115,5.832234392399341,4.237765636210888,5.352499961853027,5.352499961853027,5.184999942779541,5.7200000286102295,6.300000190734863
2020-11-17,6.139999866485596,6.28000020980835,5.630000114440918,6.110000133514404,243300,0,0.0,-0.023961675700166052,0.051692049841506126,5.087500023841858,6.0137644836364785,4.161235564047237,5.352499961853027,5.352499961853027,5.189999938011169,5.7200000286102295,6.179999828338623
2020-11-18,6.150000095367432,6.400000095367432,5.760000228881836,5.809999942779541,146000,0,0.0,-0.04909986647779441,0.04915397709632468,5.118000030517578,6.096360550557721,4.139639510477435,5.352499961853027,5.352499961853027,5.189999938011169,5.7200000286102295,6.039999961853027
2020-11-19,5.809999942779541,5.853000164031982,5.550000190734863,5.650000095367432,108200,0,0.0,-0.027538700342149114,0.04780034045044413,5.142000031471253,6.147752411783102,4.136247651159403,5.422499895095825,5.352499961853027,5.189999938011169,5.7200000286102295,5.869999885559082
2020-11-20,5.570000171661377,5.630000114440918,5.329999923706055,5.489999771118164,133400,0,0.0,-0.028318640982051613,0.04644669977040816,5.155000019073486,6.171747093780617,4.138252944366355,5.622499942779541,5.352499961853027,5.207499980926514,5.7200000286102295,5.980000019073486
2020-11-23,5.590000152587891,5.677999973297119,5.289999961853027,5.329999923706055,88700,0,0.0,-0.02914387141759789,0.04509306312452761,5.175000023841858,6.188959235934815,4.161040811748901,5.727499961853027,5.352499961853027,5.207499980926514,5.7200000286102295,5.639999866485596
2020-11-24,5.360000133514404,6.050000190734863,5.349999904632568,5.920000076293945,214600,0,0.0,0.11069421407752134,0.050084604307445255,5.225000023841858,6.28191850386749,4.168081543816226,5.737499952316284,5.352499961853027,5.272500038146973,5.7200000286102295,5.349999904632568
2020-11-25,5.860000133514404,6.0,5.651999950408936,5.789999961853027,77800,0,0.0,-0.021959478507692975,0.0489847725155896,5.281000018119812,6.3329790444962715,4.2290209917433526,5.807499885559082,5.352499961853027,5.3125,5.7200000286102295,5.340000152587891
2020-11-27,5.75,5.892000198364258,5.619999885559082,5.639999866485596,52600,0,0.0,-0.025906752393038968,0.04771573614299888,5.32350001335144,6.361127155780688,4.2858728709221925,5.862499952316284,5.352499961853027,5.3125,5.7200000286102295,5.519999980926514
2020-11-30,5.639999866485596,5.840000152587891,5.380000114440918,5.809999942779541,99400,0,0.0,0.03014185821246773,0.04915397709632467,5.382500004768372,6.389081781509318,4.375918228027426,5.8450000286102295,5.352499961853027,5.292499899864197,5.7200000286102295,5.670000076293945
2020-12-01,5.820000171661377,6.050000190734863,5.599999904632568,5.679999828338623,98300,0,0.0,-0.022375235063896604,0.04805414530446902,5.430999994277954,6.395442030064351,4.466557958491557,5.8450000286102295,5.352499961853027,5.292499899864197,5.7200000286102295,5.619999885559082
2020-12-02,5.639999866485596,5.869999885559082,5.550000190734863,5.789999961853027,65500,0,0.0,0.019366221274442985,0.0489847725155896,5.474000000953675,6.421618096222827,4.526381905684523,5.670000076293945,5.352499961853027,5.2774999141693115,5.7200000286102295,5.420000076293945
2020-12-03,5.940000057220459,5.994999885559082,5.650000095367432,5.679999828338623,75800,0,0.0,-0.01899829606893466,0.04805414530446902,5.517499995231629,6.417368734648323,4.617631255814934,5.670000076293945,5.352499961853027,5.159999966621399,5.7200000286102295,5.46999979019165
2020-12-04,5.730000019073486,5.949999809265137,5.690000057220459,5.739999771118164,94200,0,0.0,0.010563370526912585,0.04856175904667422,5.561999988555908,6.411516822294248,4.712483154817569,5.670000076293945,5.352499961853027,5.072499990463257,5.690000057220459,5.619999885559082
2020-12-07,5.789999961853027,5.900000095367432,5.660999774932861,5.769999980926514,62000,0,0.0,0.005226517596621072,0.04881556793485454,5.6324999809265135,6.2791866480174585,4.9858133138355685,5.700000047683716,5.352499961853027,5.019999980926514,5.690000057220459,5.710000038146973
2020-12-08,6.139999866485596,7.25,5.909999847412109,6.510000228881836,1873800,0,0.0,0.12824961012157532,0.0550761454903629,5.718999981880188,6.348834771774759,5.089165191985617,6.315000057220459,5.759999990463257,4.932500004768372,5.630000114440918,5.860000133514404
2020-12-09,6.599999904632568,6.728000164031982,5.849999904632568,6.010000228881836,540200,0,0.0,-0.0768049128142474,0.050846026937830774,5.758999991416931,6.35478518152742,5.163214801306442,6.315000057220459,5.759999990463257,4.932500004768372,5.559499979019165,6.019999980926514
2020-12-10,5.960000038146973,6.380000114440918,5.949999809265137,6.230000019073486,208600,0,0.0,0.036605620933991556,0.052707277325916534,5.8054999828338625,6.395815821163278,5.215184144504447,6.315000057220459,5.759999990463257,4.917250037193298,5.513499975204468,5.889999866485596
2020-12-11,6.289999961853027,6.380000114440918,5.900000095367432,6.25,167500,0,0.0,0.00321026980181105,0.052876481906651604,5.850499987602234,6.432120505169074,5.268879470035394,6.400000095367432,5.759999990463257,4.9100000858306885,5.370000123977661,5.639999866485596
2020-12-14,6.449999809265137,6.599999904632568,6.070000171661377,6.349999904632568,220500,0,0.0,0.015999984741210893,0.05372250481032694,5.890999984741211,6.493165052012658,5.288834917469765,6.400000095367432,5.759999990463257,4.884999990463257,5.370000123977661,5.800000190734863
2020-12-15,6.489999771118164,6.829999923706055,6.199999809265137,6.5,124200,0,0.0,0.023622062617355555,0.05499154118291767,5.902999973297119,6.542904922691711,5.263095023902527,6.450000047683716,5.829999923706055,4.797500014305115,5.295000076293945,5.949999809265137
2020-12-16,6.579999923706055,6.579999923706055,6.159999847412109,6.179999828338623,115000,0,0.0,-0.04923079564021182,0.05228426385700116,5.90649995803833,6.551696794663038,5.261303121413621,6.455499887466431,6.0299999713897705,4.797500014305115,5.295000076293945,5.900000095367432
2020-12-17,6.190000057220459,6.550000190734863,6.130000114440918,6.429999828338623,105800,0,0.0,0.04045307555731892,0.05439932313326723,5.937499952316284,6.620083640190655,5.254916264441913,6.455499887466431,6.134999990463257,4.847499966621399,5.295000076293945,5.510000228881836
2020-12-18,6.539999961853027,6.539999961853027,6.130000114440918,6.190000057220459,172500,0,0.0,-0.03732500428078156,0.052368868164446414,5.9644999504089355,6.642106927300397,5.286892973517474,6.549999952316284,6.144999980926514,4.879999995231628,5.295000076293945,5.510000228881836
2020-12-21,6.0,6.420000076293945,5.96999979019165,6.289999961853027,99200,0,0.0,0.016155073296957534,0.05321489106812175,6.0044999599456785,6.659160277003412,5.349839642887945,6.3399999141693115,6.2149999141693115,4.879999995231628,5.295000076293945,5.25
2020-12-22,6.260000228881836,6.364999771118164,6.090000152587891,6.230000019073486,74100,0,0.0,-0.009538941676219825,0.05270727732591655,6.04949996471405,6.631467905843033,5.467532023585067,6.365000009536743,6.269999980926514,4.960000038146973,5.295000076293945,5.110000133514404
2020-12-23,6.300000190734863,6.389999866485596,6.139999866485596,6.300000190734863,90300,0,0.0,0.011235982575773296,0.053299495375566996,6.068499970436096,6.657162502249486,5.479837438622706,6.365000009536743,6.269999980926514,5.352499961853027,5.352499961853027,5.460000038146973
2020-12-24,6.316999912261963,6.349999904632568,6.110000133514404,6.179999828338623,28100,0,0.0,-0.019047675994156243,0.05228426385700117,6.087999963760376,6.664035829546335,5.511964097974418,6.3999998569488525,6.269999980926514,5.352499961853027,5.352499961853027,5.550000190734863
2020-12-28,6.230000019073486,6.389999866485596,6.0,6.039999961853027,92800,0,0.0,-0.022653700707825464,0.05109983179185569,6.107999968528747,6.646595728766975,5.5694042082905195,6.3999998569488525,6.269999980926514,5.352499961853027,5.352499961853027,5.599999904632568
2020-12-29,6.099999904632568,6.139999866485596,5.610000133514404,5.869999885559082,229300,0,0.0,-0.02814570817344686,0.0496615908385299,6.110999965667725,6.6434908954677905,5.5785090358676594,6.0950000286102295,6.269999980926514,5.387499928474426,5.352499961853027,5.610000133514404
2020-12-30,5.909999847412109,6.010000228881836,5.739999771118164,5.980000019073486,61900,0,0.0,0.01873937575109985,0.050592218049650486,6.125999975204468,6.624545423989055,5.62745452641988,6.080000162124634,6.269999980926514,5.487499952316284,5.352499961853027,6.289999961853027
2020-12-31,5.960000038146973,5.960000038146973,5.610000133514404,5.639999866485596,128400,0,0.0,-0.05685621262599405,0.047715736142998906,6.118499970436096,6.641233251100539,5.5957666897716525,6.075000047683716,6.299999952316284,5.539999961853027,5.352499961853027,6.329999923706055
2021-01-04,5.71999979019165,5.789999961853027,5.28000020980835,5.349999904632568,162700,0,0.0,-0.05141843416988101,0.045262267705262704,6.101999974250793,6.6958713795692555,5.508128568932331,5.8500001430511475,6.265000104904175,5.544999957084656,5.352499961853027,6.159999847412109
2021-01-05,5.445000171661377,5.519999980926514,5.25,5.340000152587891,90200,0,0.0,-0.001869112565033637,0.04517766743197288,6.081999993324279,6.746808263452769,5.41719172319579,5.819999933242798,6.25,5.579999923706055,5.352499961853027,6.849999904632568
2021-01-06,5.369999885559082,5.627999782562256,5.369999885559082,5.519999980926514,99100,0,0.0,0.033707832059029164,0.04670050865858849,6.06949999332428,6.766290202195883,5.372709784452677,5.819999933242798,6.25,5.607499957084656,5.352499961853027,7.289999961853027
2021-01-07,5.53000020980835,5.730000019073486,5.380000114440918,5.670000076293945,93800,0,0.0,0.027173930414082115,0.047969545031179214,6.027499985694885,6.714100223911599,5.340899747478172,5.819999933242798,6.25,5.598749995231628,5.352499961853027,8.390000343322754
2021-01-08,5.690000057220459,5.769999980926514,5.482999801635742,5.619999885559082,77000,0,0.0,-0.008818375672323575,0.047546531562263836,6.007999968528748,6.717503426553849,5.298496510503647,5.819999933242798,6.25,5.598749995231628,5.352499961853027,8.399999618530273
2021-01-11,5.550000190734863,5.679999828338623,5.309999942779541,5.420000076293945,90200,0,0.0,-0.03558715539817858,0.04585448575491315,5.9674999713897705,6.713625559618446,5.221374383161095,5.694999933242798,6.25,5.511250019073486,5.352499961853027,8.220000267028809
2021-01-12,5.429999828338623,5.735000133514404,5.380000114440918,5.46999979019165,71000,0,0.0,0.00922503933466623,0.04627749518967312,5.928499960899353,6.692999793622018,5.1640001281766885,5.630000114440918,6.25,5.511250019073486,5.352499961853027,8.199999809265137
2021-01-13,5.409999847412109,5.940000057220459,5.360000133514404,5.619999885559082,170100,0,0.0,0.027422321959938545,0.04754653156226384,5.891999959945679,6.641929333107026,5.142070586784332,5.605000019073486,6.25,5.511250019073486,5.352499961853027,7.849999904632568
2021-01-14,5.710000038146973,5.920000076293945,5.659999847412109,5.710000038146973,96600,0,0.0,0.016014262352415987,0.04830795419264936,5.852499961853027,6.551098474402476,5.153901449303579,5.5950000286102295,6.25,5.526250004768372,5.352499961853027,7.019999980926514
2021-01-15,5.71999979019165,5.920000076293945,5.6479997634887695,5.860000133514404,67200,0,0.0,0.026269718803033415,0.04957699056524008,5.836499977111816,6.518650972294772,5.154348981928861,5.5950000286102295,6.039999961853027,6.037500023841858,5.759999990463257,7.340000152587891
2021-01-19,5.949999809265137,6.269999980926514,5.869999885559082,6.019999980926514,158500,0,0.0,0.027303727605233474,0.05093062721112062,5.815999984741211,6.447837870851726,5.184162098630696,5.789999961853027,6.039999961853027,6.037500023841858,5.759999990463257,7.110000133514404
2021-01-20,6.119999885559082,6.119999885559082,5.760000228881836,5.889999866485596,85400,0,0.0,-0.021594703463921006,0.04983079541926497,5.800999975204467,6.410208462319234,5.1917914880897005,5.789999961853027,6.039999961853027,6.037500023841858,5.759999990463257,6.809999942779541
2021-01-21,5.869999885559082,5.922999858856201,5.619999885559082,5.639999866485596,85400,0,0.0,-0.04244482269388716,0.0477157361429989,5.768499970436096,6.337496403479898,5.199503537392294,5.789999961853027,6.039999961853027,6.080000042915344,5.759999990463257,6.849999904632568
2021-01-22,5.730000019073486,5.949999809265137,5.539999961853027,5.800000190734863,100000,0,0.0,0.028368852488815266,0.04906937682303487,5.746999979019165,6.275228667967354,5.218771290070976,5.789999961853027,6.039999961853027,6.080000042915344,5.759999990463257,6.789999961853027
2021-01-25,5.789999961853027,6.010000228881836,5.710000038146973,5.949999809265137,101800,0,0.0,0.025862002344394508,0.05033840916147017,5.729499959945679,6.203090224400235,5.255909695491123,5.815000057220459,5.914999961853027,6.139999985694885,5.759999990463257,6.679999828338623
2021-01-26,6.010000228881836,6.03000020980835,5.739999771118164,5.900000095367432,93000,0,0.0,-0.008403313529497414,0.04991539972671021,5.715499973297119,6.1494797942438,5.281520152350438,5.815000057220459,5.900000095367432,6.242749929428101,5.759999990463257,6.519999980926514
2021-01-27,5.699999809265137,5.839000225067139,5.409999847412109,5.510000228881836,141500,0,0.0,-0.06610167121722865,0.046615908385298666,5.688999986648559,6.104627977585086,5.273371995712033,5.8399999141693115,5.894999980926514,6.295249938964844,5.759999990463257,6.460000038146973
2021-01-28,5.699999809265137,5.800000190734863,5.349999904632568,5.510000228881836,94000,0,0.0,0.0,0.046615908385298666,5.671000003814697,6.084872997622757,5.257127010006638,5.809999942779541,5.835000038146973,6.347499966621399,5.759999990463257,6.980000019073486
2021-01-29,5.550000190734863,5.630000114440918,5.050000190734863,5.25,138300,0,0.0,-0.04718697242860159,0.04441624480158736,5.634500002861023,6.061623552091289,5.207376453630756,5.6600000858306885,5.7200000286102295,6.2774999141693115,5.759999990463257,7.199999809265137
2021-02-01,5.320000171661377,5.320000171661377,5.099999904632568,5.110000133514404,116400,0,0.0,-0.026666641235351562,0.04323181273644188,5.608000016212463,6.092985592419787,5.123014440005139,5.585000038146973,5.7200000286102295,6.317499995231628,5.759999990463257,6.949999809265137
2021-02-02,5.179999828338623,5.519999980926514,5.090000152587891,5.460000038146973,129600,0,0.0,0.06849313023243608,0.04619289491638329,5.613500022888184,6.088956529155619,5.1380435166207485,5.5400002002716064,5.7200000286102295,6.317499995231628,5.759999990463257,7.079999923706055
2021-02-03,5.400000095367432,5.77899980545044,5.309999942779541,5.550000190734863,138100,0,0.0,0.016483544314852328,0.046954317546768806,5.624000024795532,6.0836783061863935,5.164321743404671,5.5400002002716064,5.7200000286102295,6.334999918937683,5.759999990463257,7.21999979019165
2021-02-04,5.550000190734863,5.730000019073486,5.480000019073486,5.599999904632568,81100,0,0.0,0.00900895714943828,0.047377326981528765,5.628000020980835,6.085349997459482,5.170650044502188,5.5400002002716064,5.6600000858306885,6.334999918937683,5.759999990463257,7.630000114440918
2021-02-05,5.659999847412109,5.71999979019165,5.420000076293945,5.610000133514404,110300,0,0.0,0.0017857551878819322,0.04746193128897401,5.625000023841858,6.081991765942879,5.168008281740837,5.5400002002716064,5.6600000858306885,6.182500004768372,5.759999990463257,7.630000114440918
2021-02-08,5.650000095367432,6.537000179290772,5.610000133514404,6.289999961853027,398300,0,0.0,0.12121208772817527,0.05321489106812175,5.658500027656555,6.200451572439059,5.116548482874052,5.793500185012817,5.793500185012817,6.175000071525574,5.759999990463257,8.210000038146973
2021-02-09,6.300000190734863,6.579999923706055,6.099999904632568,6.329999923706055,178500,0,0.0,0.006359294450813291,0.05355330022959189,5.704000020027161,6.308159369306415,5.099840670747907,5.815000057220459,5.815000057220459,6.1875,5.759999990463257,8.569999694824219
2021-02-10,6.420000076293945,6.559999942779541,5.860000133514404,6.159999847412109,141700,0,0.0,-0.02685625250283019,0.0521150592762661,5.738500022888184,6.363933255218645,5.113066790557723,5.815000057220459,5.815000057220459,6.057500123977661,5.759999990463257,9.239999771118164
2021-02-11,6.159999847412109,7.150000095367432,6.159999847412109,6.849999904632568,434800,0,0.0,0.11201299907666984,0.057952623362859085,5.800000023841858,6.5891921718150614,5.010807875868655,6.120000123977661,6.1000001430511475,6.034999966621399,5.759999990463257,7.929999828338623
2021-02-12,6.75,7.75,6.730000019073486,7.289999961853027,533700,0,0.0,0.06423358588996364,0.06167512817318601,5.879000020027161,6.901169300388686,4.856830739665636,6.420000076293945,6.400000095367432,6.034999966621399,5.759999990463257,7.289999961853027
2021-02-16,7.789999961853027,8.949999809265137,7.610000133514404,8.390000343322754,936100,0,0.0,0.1508916854905058,0.07098139221608103,6.005500030517578,7.507124728012601,4.503875333022556,7.129999876022339,7.0,6.034999966621399,5.759999990463257,6.809999942779541
2021-02-17,8.399999618530273,8.579999923706055,7.800000190734863,8.399999618530273,314900,0,0.0,0.0011918086767990221,0.07106598845521543,6.124500012397766,7.956670697789553,4.292329327005978,7.184999942779541,7.0,6.034999966621399,5.759999990463257,6.980000019073486
2021-02-18,8.420000076293945,8.510000228881836,8.050000190734863,8.220000267028809,187600,0,0.0,-0.02142849519949841,0.06954315126275523,6.241000032424926,8.285183518395113,4.196816546454739,7.184999942779541,7.0,5.972499966621399,5.759999990463257,6.570000171661377
2021-02-19,8.270000457763672,8.470000267028809,8.050000190734863,8.199999809265137,171900,0,0.0,-0.0024331456343007485,0.06937394264786474,6.369000029563904,8.563388355476349,4.1746117036514585,7.2799999713897705,7.0,5.940000057220459,5.759999990463257,6.010000228881836
2021-02-22,8.180000305175781,8.350000381469727,7.829999923706055,7.849999904632568,130900,0,0.0,-0.04268291619191322,0.06641286046792334,6.471500015258789,8.741052498870038,4.201947531647539,7.4049999713897705,7.0,5.927500009536743,5.759999990463257,6.119999885559082
2021-02-23,7.590000152587891,7.699999809265137,6.590000152587891,7.019999980926514,253500,0,0.0,-0.10573247564197319,0.05939086431618487,6.525000023841858,8.793289101223795,4.256710946459921,7.4049999713897705,7.0,5.922500014305115,5.759999990463257,6.590000152587891
2021-02-24,7.013000011444092,7.690000057220459,6.960000038146973,7.340000152587891,94300,0,0.0,0.04558407016108612,0.06209814164210139,6.597000026702881,8.872849633504787,4.321150419900976,7.554999828338623,7.0,5.817499995231628,5.759999990463257,6.420000076293945
2021-02-25,7.300000190734863,7.559999942779541,6.909999847412109,7.110000133514404,109600,0,0.0,-0.03133515181091573,0.06015228694657039,6.677000021934509,8.905883258362506,4.448116785506512,7.769999980926514,7.0,5.914999961853027,5.759999990463257,6.059999942779541
2021-02-26,7.0,7.269999980926514,6.639999866485596,6.809999942779541,125900,0,0.0,-0.04219411886094804,0.057614214201388944,6.742000007629395,8.905111766531498,4.578888248727292,7.769999980926514,7.0,5.914999961853027,5.759999990463257,5.800000190734863
2021-03-01,7.210000038146973,7.449999809265137,6.840000152587891,6.849999904632568,136400,0,0.0,0.005873709572558505,0.05795262336285908,6.822000002861023,8.872717889925575,4.7712821157964695,7.585000038146973,7.0,5.914999961853027,5.759999990463257,5.679999828338623
2021-03-02,6.909999847412109,7.0,6.699999809265137,6.789999961853027,103100,0,0.0,-0.008759115856186162,0.057445009620653874,6.905999994277954,8.799280741519574,5.012719247036334,7.550000190734863,7.0,5.914999961853027,5.759999990463257,5.849999904632568
2021-03-03,6.75,6.980000019073486,6.53000020980835,6.679999828338623,93800,0,0.0,-0.01620031430521318,0.056514382409533284,6.966999983787536,8.743803551218745,5.1901964163563274,7.500000238418579,7.0,5.865000009536743,5.829999923706055,5.489999771118164
2021-03-04,6.610000133514404,6.670000076293945,6.190000057220459,6.519999980926514,198900,0,0.0,-0.0239520735814005,0.055160745763652735,7.0154999732971195,8.683416126190194,5.347583820404045,7.270000219345093,7.0,5.857500076293945,6.0299999713897705,5.340000152587891
2021-03-05,6.639999866485596,6.699999809265137,6.010000228881836,6.460000038146973,224700,0,0.0,-0.009202445238506662,0.05465313202144753,7.058499979972839,8.617904988586425,5.499094971359254,6.855000019073486,7.0,5.867499947547913,6.134999990463257,5.400000095367432
2021-03-08,7.260000228881836,7.428999900817871,6.760000228881836,6.980000019073486,423700,0,0.0,0.08049535260926621,0.05905245515471473,7.1269999742507935,8.53759957886694,5.716400369634647,6.8500001430511475,7.0,5.822499990463257,6.144999980926514,5.46999979019165
2021-03-09,7.019999980926514,7.420000076293945,6.989999771118164,7.199999809265137,168500,0,0.0,0.03151859449720362,0.060913705542800484,7.172499966621399,8.529279010328242,5.815720922914557,6.7850000858306885,7.019999980926514,5.690000057220459,6.150000095367432,5.440000057220459
2021-03-10,7.289999961853027,7.389999866485596,6.800000190734863,6.949999809265137,155000,0,0.0,-0.03472222314204698,0.05879864626653442,7.203499960899353,8.508665691086888,5.898334230711819,6.730000019073486,7.019999980926514,5.652500033378601,6.150000095367432,5.179999828338623
2021-03-11,7.03000020980835,7.199999809265137,6.900000095367432,7.079999923706055,122400,0,0.0,0.018705052950881207,0.05989847805839008,7.24949996471405,8.465157058944746,6.033842870483354,6.730000019073486,7.129999876022339,5.630000114440918,6.150000095367432,5.190000057220459
2021-03-12,6.920000076293945,7.369999885559082,6.769999980926514,7.21999979019165,210300,0,0.0,0.019773992654552597,0.06108291012353557,7.267999958992005,8.469808863052904,6.066191054931106,6.7195000648498535,7.184999942779541,5.630000114440918,6.150000095367432,5.170000076293945
2021-03-15,7.5,7.889999866485596,7.300000190734863,7.630000114440918,354300,0,0.0,0.056786750161163635,0.06455161007983759,7.284999966621399,8.497259784518278,6.072740148724521,6.950000047683716,7.184999942779541,5.6000001430511475,6.150000095367432,5.449999809265137
2021-03-16,7.809999942779541,8.25,7.510000228881836,7.630000114440918,340800,0,0.0,0.0,0.06455161007983759,7.246999955177307,8.360966598694045,6.1330333116605695,7.130000114440918,7.2799999713897705,5.6000001430511475,6.150000095367432,5.199999809265137
2021-03-17,7.820000171661377,8.300000190734863,7.659999847412109,8.210000038146973,306000,0,0.0,0.07601571625252235,0.06945854695530998,7.2374999761581424,8.314193370654014,6.160806581662271,7.15500020980835,7.4049999713897705,5.793500185012817,6.150000095367432,5.300000190734863
2021-03-18,8.239999771118164,9.34000015258789,8.199999809265137,8.569999694824219,905600,0,0.0,0.04384892265585161,0.0725042294085412,7.254999947547913,8.404719049403004,6.105280845692821,8.050000190734863,7.6000001430511475,5.815000057220459,6.150000095367432,5.389999866485596
2021-03-19,8.789999961853027,9.949999809265137,8.789999961853027,9.239999771118164,1124300,0,0.0,0.07817970830250864,0.07817258891439913,7.306999945640564,8.695175468645703,5.918824422635426,8.359999895095825,7.980000019073486,5.815000057220459,6.150000095367432,5.989999771118164
2021-03-22,9.050000190734863,9.239999771118164,7.769999980926514,7.929999828338623,766900,0,0.0,-0.14177488909407332,0.06708967879086361,7.310999941825867,8.705928899056474,5.916070984595259,8.359999895095825,7.980000019073486,6.110000133514404,6.150000095367432,5.860000133514404
2021-03-23,7.800000190734863,7.929999828338623,7.244999885559082,7.289999961853027,283900,0,0.0,-0.08070616397726693,0.061675128173186,7.324499940872192,8.713044998967504,5.93595488277688,8.359999895095825,7.980000019073486,6.4100000858306885,6.400000095367432,5.610000133514404
2021-03-24,7.380000114440918,7.460000038146973,6.679999828338623,6.809999942779541,264200,0,0.0,-0.0658436243601127,0.05761421420138894,7.297999930381775,8.704659332417728,5.891340528345821,8.31499981880188,7.980000019073486,7.064999938011169,7.0,5.25
2021-03-25,6.71999979019165,7.210000038146973,6.230000019073486,6.980000019073486,381300,0,0.0,0.024963300693444435,0.059052455154714724,7.291499924659729,8.702818404148587,5.880181445170872,8.089999914169312,7.980000019073486,7.0924999713897705,7.0,5.369999885559082
2021-03-26,7.0,7.0,6.5,6.570000171661377,99500,0,0.0,-0.05873923299308703,0.055583759232568114,7.279499936103821,8.7111471071199,5.847852765087741,8.089999914169312,7.980000019073486,7.0924999713897705,7.0,5.050000190734863
2021-03-29,6.550000190734863,6.71999979019165,5.940000057220459,6.010000228881836,219800,0,0.0,-0.08523590991595542,0.05084602693783078,7.237499952316284,8.764273333224793,5.710726571407775,7.944999933242798,7.944999933242798,7.139999985694885,7.0,5.090000152587891
2021-03-30,6.070000171661377,6.300000190734863,6.0,6.119999885559082,97900,0,0.0,0.01830277079668452,0.051776650114795944,7.203999948501587,8.79726848123703,5.6107314157661445,7.944999933242798,7.944999933242798,7.202499985694885,7.0,4.840000152587891
2021-03-31,6.150000095367432,6.800000190734863,6.119999885559082,6.590000152587891,185000,0,0.0,0.07679743068914657,0.05575296381330318,7.19949996471405,8.799228348227544,5.599771581200557,7.944999933242798,7.944999933242798,7.202499985694885,7.0,5.0
2021-04-01,6.550000190734863,6.800000190734863,6.239999771118164,6.420000076293945,122700,0,0.0,-0.025796672588419667,0.054314722859977384,7.194499969482422,8.803390649413323,5.58560928955152,7.5899999141693115,7.944999933242798,7.2774999141693115,7.0,4.840000152587891
2021-04-05,6.539999961853027,6.539999961853027,5.920000076293945,6.059999942779541,186100,0,0.0,-0.05607478648539521,0.05126903637259074,7.17449996471405,8.829210992833161,5.519788936594939,6.924999952316284,7.934999942779541,7.384999990463257,7.0,4.75
2021-04-06,6.099999904632568,6.25,5.670000076293945,5.800000190734863,182400,0,0.0,-0.042904249917438686,0.04906937682303485,7.115499973297119,8.875707254708598,5.355292691885641,6.565000057220459,7.809999942779541,7.384999990463257,7.0,4.650000095367432
2021-04-07,5.789999961853027,5.860000133514404,5.599999904632568,5.679999828338623,180500,0,0.0,-0.02068971697413624,0.04805414530446902,7.039499974250793,8.907700435623072,5.171299512878514,6.4049999713897705,7.7749998569488525,7.292500019073486,7.0,4.769999980926514
2021-04-08,5.699999809265137,5.900000095367432,5.650000095367432,5.849999904632568,160900,0,0.0,0.02992959180135557,0.049492386257794806,6.984499979019165,8.924190908233648,5.044809049804682,6.299999952316284,7.7749998569488525,7.275000095367432,7.0,4.820000171661377
2021-04-09,5.840000152587891,5.860000133514404,5.440000057220459,5.489999771118164,259200,0,0.0,-0.06153848536464468,0.04644669977040816,6.9049999713897705,8.951117160235107,4.858882782544434,6.120000123977661,7.694999933242798,7.2500001192092896,7.0,4.840000152587891
2021-04-12,5.400000095367432,5.489999771118164,5.199999809265137,5.340000152587891,197700,0,0.0,-0.02732233602620393,0.04517766743197286,6.8109999895095825,8.961816069987233,4.660183909031932,6.0,7.574999809265137,7.135000109672546,7.0,5.090000152587891
2021-04-13,5.300000190734863,5.460000038146973,5.210000038146973,5.400000095367432,99200,0,0.0,0.011235944019676314,0.04568528117417806,6.699499988555909,8.900104169979798,4.498895807132019,6.0,7.574999809265137,6.927500009536743,7.0,5.019999980926514
2021-04-14,5.380000114440918,5.650000095367432,5.380000114440918,5.46999979019165,117200,0,0.0,0.012962906219996295,0.04627749518967309,6.591499972343445,8.810976056841506,4.372023887845383,6.0,7.574999809265137,6.925000071525574,7.0,5.199999809265137
2021-04-15,5.510000228881836,5.650000095367432,5.269999980926514,5.440000057220459,117000,0,0.0,-0.005484412088092694,0.046023690335648196,6.4529999732971195,8.594717682576887,4.311282264017352,5.869999885559082,7.574999809265137,6.902500033378601,7.0,5.260000228881836
2021-04-16,5.489999771118164,5.489999771118164,5.110000133514404,5.179999828338623,122500,0,0.0,-0.0477941592182044,0.04382402675193689,6.28349997997284,8.256386076876245,4.3106138830694345,5.680000066757202,7.5299999713897705,6.875,7.0,5.039999961853027
2021-04-19,5.179999828338623,5.28000020980835,5.050000190734863,5.190000057220459,123300,0,0.0,0.0019305461801615298,0.04390863105938214,6.0809999942779545,7.5645461650615555,4.597453823494353,5.4750001430511475,7.5,6.929999947547913,7.0,4.909999847412109
2021-04-20,5.119999885559082,5.239999771118164,4.949999809265137,5.170000076293945,124100,0,0.0,-0.003853560829674585,0.04373942647864707,5.94300000667572,7.208090966715291,4.677909046636149,5.424999952316284,7.449999809265137,6.952250003814697,7.0,5.070000171661377
2021-04-21,5.139999866485596,5.505000114440918,5.139999866485596,5.449999809265137,153800,0,0.0,0.05415855490120336,0.04610829060893803,5.8509999990463255,6.9683701748582365,4.7336298232344145,5.4049999713897705,7.449999809265137,7.067499995231628,7.0,5.070000171661377
2021-04-22,5.420000076293945,5.579999923706055,5.150000095367432,5.199999809265137,149500,0,0.0,-0.045871561238404746,0.04399323133267197,5.770499992370605,6.829768463666095,4.711231521075115,5.299999952316284,7.449999809265137,7.205000042915344,7.0,5.130000114440918
2021-04-23,5.25,5.349999904632568,5.099999904632568,5.300000190734863,77700,0,0.0,0.019230843295715117,0.044839258270502724,5.686500000953674,6.604374935471377,4.7686250664359715,5.299999952316284,7.449999809265137,7.28000009059906,7.0,5.309999942779541
2021-04-26,5.28000020980835,5.429999828338623,5.28000020980835,5.389999866485596,60600,0,0.0,0.016981070285254862,0.045600676866732824,5.627499985694885,6.457180256202087,4.797819715187683,5.299999952316284,7.449999809265137,7.825000166893005,7.195000171661377,5.010000228881836
2021-04-27,5.894999980926514,6.329999923706055,5.699999809265137,5.989999771118164,590300,0,0.0,0.11131723923840875,0.05067681832294029,5.626499962806702,6.454360225814448,4.798639699798955,5.639999866485596,7.09499979019165,8.169999957084656,7.5,5.099999904632568
2021-04-28,5.550000190734863,6.010000228881836,5.320000171661377,5.860000133514404,503400,0,0.0,-0.021702778392509448,0.04957699056524006,5.613499975204467,6.417521985579912,4.809477964829023,5.639999866485596,6.43999981880188,8.169999957084656,7.5,5.260000228881836
2021-04-29,5.900000095367432,5.900000095367432,5.449999809265137,5.610000133514404,157900,0,0.0,-0.0426621150689408,0.047461931288973996,5.5644999742507935,6.230793027838029,4.898206920663558,5.639999866485596,6.204999923706055,8.169999957084656,7.5,5.46999979019165
2021-04-30,5.599999904632568,5.639999866485596,5.170000076293945,5.25,282900,0,0.0,-0.06417114526677936,0.044416244801587346,5.505999970436096,6.055661378207709,4.956338562664483,5.639999866485596,6.079999923706055,8.147499918937683,7.5,5.449999809265137
2021-05-03,5.349999904632568,5.429999828338623,5.129000186920166,5.369999885559082,159600,0,0.0,0.02285712105887283,0.04543147228599776,5.471499967575073,5.960375273596772,4.982624661553374,5.7149999141693115,5.974999904632568,8.034999966621399,7.5,5.360000133514404
2021-05-04,5.380000114440918,5.380000114440918,5.019999980926514,5.050000190734863,209800,0,0.0,-0.059590261013739876,0.04272419899423666,5.433999967575073,5.931408385275367,4.936591549874779,5.674999952316284,5.875,8.034999966621399,7.5,5.300000190734863
2021-05-05,5.019999980926514,5.25,4.840000152587891,5.090000152587891,235600,0,0.0,0.007920784226189692,0.043062608155706804,5.404499983787536,5.910055731020728,4.898944236554344,5.585000038146973,5.820000171661377,7.944999933242798,7.5,5.329999923706055
2021-05-06,5.099999904632568,5.239999771118164,4.710000038146973,4.840000152587891,309800,0,0.0,-0.04911591208359656,0.04094754887944074,5.353999996185303,5.873206191341319,4.834793801029287,5.519999980926514,5.755000114440918,7.944999933242798,7.5,5.079999923706055
2021-05-07,4.880000114440918,5.090000152587891,4.880000114440918,5.0,153400,0,0.0,0.03305781867105084,0.042301185525321285,5.329500007629394,5.866850621414267,4.792149393844522,5.519999980926514,5.755000114440918,7.944999933242798,7.5,5.329999923706055
2021-05-10,5.070000171661377,5.079999923706055,4.75,4.840000152587891,163400,0,0.0,-0.0319999694824219,0.040947548879440736,5.304500007629395,5.882983078559079,4.726016936699711,5.360000133514404,5.625,7.767499923706055,7.5,5.210000038146973
2021-05-11,4.71999979019165,4.96999979019165,4.659999847412109,4.75,113500,0,0.0,-0.018595072262501566,0.04018612624905522,5.272000002861023,5.897055710189149,4.646944295532896,5.2799999713897705,5.494999885559082,7.429999947547913,7.5,4.96999979019165
2021-05-12,4.71999979019165,4.909999847412109,4.630000114440918,4.650000095367432,87200,0,0.0,-0.02105261150159332,0.03934010334537988,5.231000018119812,5.904939379033451,4.557060657206174,5.134999990463257,5.480000019073486,7.1875,7.5,4.96999979019165
2021-05-13,4.650000095367432,4.804999828338623,4.579999923706055,4.769999980926514,145900,0,0.0,0.02580642647268583,0.04035533082979029,5.197500014305115,5.893052882737208,4.5019471458730225,5.004999876022339,5.454999923706055,7.0899999141693115,7.5,5.28000020980835
2021-05-14,4.800000190734863,4.929999828338623,4.659999847412109,4.820000171661377,103600,0,0.0,0.01048222032176005,0.040778344298705665,5.179500031471252,5.894506972217005,4.464493090725499,4.980000019073486,5.454999923706055,7.037499904632568,7.5,5.269999980926514
2021-05-17,4.800000190734863,4.889999866485596,4.630000114440918,4.840000152587891,63900,0,0.0,0.004149373488428809,0.040947548879440736,5.162000036239624,5.89225931664686,4.431740755832387,4.914999961853027,5.454999923706055,6.9075000286102295,7.5,5.320000171661377
2021-05-18,4.921999931335449,5.239999771118164,4.809999942779541,5.090000152587891,123700,0,0.0,0.05165289093355252,0.0430626081557068,5.158000040054321,5.888923512588144,4.427076567520499,4.909999847412109,5.454999923706055,6.787499904632568,7.5,5.599999904632568
2021-05-19,5.010000228881836,5.179999828338623,4.849999904632568,5.019999980926514,81900,0,0.0,-0.013752489108627475,0.04247039010605635,5.13650004863739,5.856910297115744,4.416089800159036,4.909999847412109,5.454999923706055,6.787499904632568,7.5,5.550000190734863
2021-05-20,5.03000020980835,5.329999923706055,4.960000038146973,5.199999809265137,114100,0,0.0,0.035856539645922725,0.04399323133267196,5.13650004863739,5.856910297115744,4.416089800159036,4.954999923706055,5.454999923706055,6.787499904632568,7.5,5.360000133514404
2021-05-21,5.239999771118164,5.400000095367432,5.150000095367432,5.260000228881836,65300,0,0.0,0.011538542657211881,0.044500849109032584,5.134500050544739,5.853286260369574,4.415713840719905,4.990000009536743,5.454999923706055,6.722499847412109,7.519999980926514,5.320000171661377
2021-05-24,5.289999961853027,5.364999771118164,5.010000228881836,5.039999961853027,72800,0,0.0,-0.04182514400300241,0.04263959468679141,5.1170000553131105,5.8269450187763665,4.4070550918498546,4.990000009536743,5.454999923706055,6.605000019073486,7.519999980926514,5.980000019073486
2021-05-25,5.119999885559082,5.119999885559082,4.909999847412109,4.909999847412109,110700,0,0.0,-0.025793673695410413,0.04153976289493576,5.063000059127807,5.651896854675203,4.474103263580411,4.990000009536743,5.454999923706055,6.487500071525574,7.5,5.800000190734863
2021-05-26,4.900000095367432,5.179999828338623,4.900000095367432,5.070000171661377,73900,0,0.0,0.03258662509604715,0.04289340357497172,5.023500061035156,5.484007850467928,4.562992271602384,5.015000104904175,5.454999923706055,6.4374998807907104,7.449999809265137,5.730000019073486
2021-05-27,5.070000171661377,5.210000038146973,5.0,5.070000171661377,82300,0,0.0,0.0,0.04289340357497172,4.996500062942505,5.3706752639034026,4.622324861981607,5.015000104904175,5.454999923706055,6.427499890327454,7.449999809265137,5.619999885559082
2021-05-28,5.090000152587891,5.202000141143799,5.0,5.130000114440918,87900,0,0.0,0.01183430783985151,0.043401017317176924,4.99050006866455,5.351708920916557,4.629291216412544,5.105000019073486,5.454999923706055,6.3749998807907104,7.449999809265137,5.349999904632568
2021-06-01,5.159999847412109,5.320000171661377,5.050000190734863,5.309999942779541,108700,0,0.0,0.035087685053246886,0.04492385854379254,4.987500071525574,5.336721528796628,4.63827861425452,5.125,5.454999923706055,6.3749998807907104,7.449999809265137,5.260000228881836
2021-06-02,5.289999961853027,5.329999923706055,4.900000095367432,5.010000228881836,208000,0,0.0,-0.05649712187014999,0.042385789832766516,4.985500073432922,5.333712659793331,4.637287487072513,5.150000095367432,5.454999923706055,6.3749998807907104,7.449999809265137,5.0
2021-06-03,4.980000019073486,5.130000114440918,4.914999961853027,5.099999904632568,84900,0,0.0,0.01796400631518913,0.043147208428996615,4.986000061035156,5.334846414304548,4.637153707765765,5.150000095367432,5.295000076293945,6.367499828338623,7.449999809265137,5.110000133514404
2021-06-04,5.099999904632568,5.320000171661377,5.099999904632568,5.260000228881836,93400,0,0.0,0.03137261318454776,0.044500849109032584,5.007000064849853,5.3686355118008064,4.6453646178989,5.132499933242798,5.240000009536743,6.039999842643738,7.449999809265137,4.800000190734863
2021-06-07,5.269999980926514,5.5,5.269999980926514,5.46999979019165,117400,0,0.0,0.03992386923421409,0.04627749518967309,5.030500054359436,5.445084439185048,4.615915669533824,5.200000047683716,5.109999895095825,5.922499895095825,7.449999809265137,4.559999942779541
2021-06-08,5.46999979019165,5.53000020980835,5.360000133514404,5.449999809265137,75300,0,0.0,-0.003656303783114545,0.04610829060893802,5.061000037193298,5.504127890963009,4.617872183423588,5.215000152587891,5.055000066757202,5.859999895095825,7.449999809265137,4.489999771118164
2021-06-09,5.46999979019165,5.679999828338623,5.28000020980835,5.360000133514404,85600,0,0.0,-0.016513702550545184,0.04534687201270792,5.0915000438690186,5.5286733939295765,4.654326693808461,5.289999961853027,5.129999876022339,5.84499990940094,7.449999809265137,4.519999980926514
2021-06-10,5.440000057220459,5.559999942779541,5.269999980926514,5.300000190734863,94300,0,0.0,-0.011194018896451219,0.04483925827050272,5.12400004863739,5.519256560165823,4.728743537108957,5.289999961853027,5.129999876022339,5.774999976158142,7.449999809265137,4.590000152587891
2021-06-11,5.340000152587891,5.429999828338623,5.199999809265137,5.329999923706055,134500,0,0.0,0.005660326771994351,0.04509306312452761,5.152000045776367,5.5211882036678555,4.782811887884878,5.289999961853027,5.129999876022339,5.702500104904175,7.394999980926514,4.679999828338623
2021-06-14,5.474999904632568,5.474999904632568,4.909999847412109,5.079999923706055,239100,0,0.0,-0.04690431586838939,0.042978003848261545,5.165000033378601,5.50319899101832,4.826801075738882,5.289999961853027,5.129999876022339,5.637500047683716,7.329999923706055,4.75
2021-06-15,5.070000171661377,5.380000114440918,5.0,5.329999923706055,122200,0,0.0,0.04921259916429599,0.04509306312452761,5.189500021934509,5.499499386767691,4.879500657101327,5.294999837875366,5.129999876022339,5.637500047683716,7.329999923706055,4.449999809265137
2021-06-16,5.130000114440918,5.380000114440918,5.090000152587891,5.210000038146973,70300,0,0.0,-0.022514050145735043,0.044077835640117205,5.195500016212463,5.502155000248891,4.888845032176036,5.294999837875366,5.129999876022339,5.492500066757202,7.329999923706055,4.269999980926514
2021-06-17,5.210000038146973,5.269999980926514,4.920000076293945,4.96999979019165,114000,0,0.0,-0.046065306371990467,0.04204737663714096,5.19300000667572,5.506154796533387,4.879845216818053,5.294999837875366,5.129999876022339,5.387499928474426,7.304999828338623,4.289999961853027
2021-06-18,4.929999828338623,5.139999866485596,4.929999828338623,4.96999979019165,154000,0,0.0,0.0,0.04204737663714096,5.181500005722046,5.509487694968804,4.853512316475287,5.294999837875366,5.129999876022339,5.307500004768372,7.289999961853027,4.110000133514404
2021-06-21,5.0,5.360000133514404,4.900000095367432,5.28000020980835,164600,0,0.0,0.06237433253588631,0.04467005368976765,5.182500004768372,5.511570866890206,4.8534291426465375,5.289999961853027,5.1549999713897705,5.229999899864197,7.264999866485596,4.340000152587891
2021-06-22,5.269999980926514,5.309999942779541,5.0,5.269999980926514,124400,0,0.0,-0.0018939826675118399,0.0445854493823224,5.194000005722046,5.5183380098047365,4.869662001639355,5.230000019073486,5.1549999713897705,5.2174999713897705,7.264999866485596,4.139999866485596
2021-06-23,5.269999980926514,5.449999809265137,5.119999885559082,5.320000171661377,171000,0,0.0,0.009487702261067765,0.04500846285123779,5.2145000219345095,5.515162443674916,4.913837600194103,5.1875,5.244999885559082,5.184999942779541,7.264999866485596,4.150000095367432
2021-06-24,6.730000019073486,6.940000057220459,5.510000228881836,5.599999904632568,23536700,0,0.0,0.0526315270557125,0.04737732698152874,5.241000008583069,5.577725112320581,4.904274904845557,5.920000076293945,5.894999980926514,5.182499885559082,7.264999866485596,4.269999980926514
2021-06-25,5.409999847412109,5.619999885559082,5.230000019073486,5.550000190734863,2998300,0,0.0,-0.008928520490927738,0.04695431754676877,5.2650000095367435,5.617771376485659,4.912228642587828,5.920000076293945,5.920000076293945,5.182499885559082,7.264999866485596,4.230000019073486
2021-06-28,5.610000133514404,5.760000228881836,5.260000228881836,5.360000133514404,519400,0,0.0,-0.03423424336771086,0.045346872012707914,5.276500010490418,5.625860445319656,4.9271395756611795,5.920000076293945,5.920000076293945,5.204999923706055,7.264999866485596,4.059999942779541
2021-06-29,5.263999938964844,5.559999942779541,5.239999771118164,5.320000171661377,241500,0,0.0,-0.0074626792643007756,0.04500846285123778,5.2770000219345095,5.626581760698854,4.927418283170165,5.920000076293945,5.920000076293945,5.222499966621399,7.264999866485596,4.150000095367432
2021-06-30,5.389999866485596,5.980000019073486,5.320000171661377,5.980000019073486,676700,0,0.0,0.12406011769093594,0.05059221804965046,5.325500011444092,5.770702646368848,4.880297376519335,5.920000076293945,5.920000076293945,5.222499966621399,7.264999866485596,4.199999809265137
2021-07-01,5.920000076293945,5.949999809265137,5.599999904632568,5.800000190734863,273000,0,0.0,-0.030100305646238334,0.049069376823034846,5.360500025749206,5.838509847734675,4.882490203763738,5.920000076293945,5.920000076293945,5.222499966621399,7.264999866485596,4.320000171661377
2021-07-02,5.829999923706055,5.829999923706055,5.510000228881836,5.730000019073486,138900,0,0.0,-0.012068994717137738,0.0484771587733844,5.384000015258789,5.885819735464406,4.882180295053172,5.9700000286102295,5.920000076293945,5.235000014305115,7.264999866485596,4.130000114440918
2021-07-06,5.610000133514404,5.710000038146973,5.550000190734863,5.619999885559082,166800,0,0.0,-0.01919723091592429,0.047546531562263815,5.391500020027161,5.9027351079939665,4.8802649320603555,6.0299999713897705,5.920000076293945,5.235000014305115,7.264999866485596,4.110000133514404
2021-07-07,5.570000171661377,5.598999977111816,5.199999809265137,5.349999904632568,373200,0,0.0,-0.04804270221077667,0.04526226770526268,5.386500024795533,5.897299893082013,4.875700156509052,6.069999933242798,5.920000076293945,5.2799999713897705,7.264999866485596,4.050000190734863
2021-07-08,5.159999847412109,5.400000095367432,5.139999866485596,5.260000228881836,420600,0,0.0,-0.016822369599072684,0.044500849109032584,5.381500029563904,5.895220674048884,4.867779385078924,5.559999942779541,5.920000076293945,5.289999961853027,7.264999866485596,4.070000171661377
2021-07-09,5.260000228881836,5.28000020980835,4.949999809265137,5.0,497000,0,0.0,-0.049429699157466866,0.04230118552532128,5.366500020027161,5.906021265715249,4.826978774339072,5.4649999141693115,5.920000076293945,5.302500009536743,7.264999866485596,3.890000104904175
2021-07-12,5.0,5.269999980926514,4.960000038146973,5.110000133514404,132000,0,0.0,0.022000026702880815,0.04323181273644186,5.355500030517578,5.906523620971313,4.804476440063843,5.4649999141693115,5.920000076293945,5.2225000858306885,6.909999847412109,3.839999914169312
2021-07-13,5.090000152587891,5.099999904632568,4.71999979019165,4.800000190734863,335000,0,0.0,-0.06066534925241551,0.04060913971797059,5.3415000438690186,5.933006438474161,4.749993649263876,5.349999904632568,5.829999923706055,5.1862499713897705,6.254999876022339,3.920000076293945
2021-07-14,4.800000190734863,4.84499979019165,4.519999980926514,4.559999942779541,248100,0,0.0,-0.050000049670535285,0.03857868071499435,5.303000044822693,5.9866262980652225,4.619373791580164,5.234999895095825,5.730000019073486,5.1549999713897705,6.019999980926514,3.670000076293945
2021-07-15,4.570000171661377,4.590000152587891,4.449999809265137,4.489999771118164,180000,0,0.0,-0.015350915030649892,0.037986462665343904,5.267000031471253,6.037711667741924,4.496288395200581,5.139999866485596,5.694999933242798,5.135000109672546,5.894999980926514,3.859999895095825
2021-07-16,4.480000019073486,4.739999771118164,4.400000095367432,4.519999980926514,266100,0,0.0,0.006681561545130776,0.03824027155352421,5.244500041007996,6.073317186477678,4.415682895538313,5.055000066757202,5.670000076293945,5.209999918937683,5.789999961853027,4.059999942779541
2021-07-19,4.440000057220459,4.78000020980835,4.420000076293945,4.590000152587891,215900,0,0.0,0.015486763707248663,0.03883248960317466,5.225500059127808,6.095474154165329,4.355525964090287,4.999500036239624,5.670000076293945,5.209999918937683,5.690000057220459,4.059999942779541
2021-07-20,4.449999809265137,4.800000190734863,4.429999828338623,4.679999828338623,126700,0,0.0,0.019607771842881094,0.03959390819940476,5.195500040054322,6.097043481835351,4.293956598273292,4.900000095367432,5.670000076293945,5.209999918937683,5.690000057220459,4.059999942779541
2021-07-21,4.679999828338623,4.848999977111816,4.559999942779541,4.75,253700,0,0.0,0.014957302185677035,0.040186126249055217,5.169500041007995,6.090940965970095,4.248059116045896,4.840000152587891,5.670000076293945,5.209999918937683,5.690000057220459,4.070000171661377
2021-07-22,4.739999771118164,4.739999771118164,4.449999809265137,4.449999809265137,174000,0,0.0,-0.0631579348915502,0.03764805350387377,5.126000022888183,6.096304833667221,4.155695212109145,4.835000038146973,5.670000076293945,5.2124998569488525,5.690000057220459,4.110000133514404
2021-07-23,4.53000020980835,4.570000171661377,4.150000095367432,4.269999980926514,359700,0,0.0,-0.04044940136038966,0.03612521227725816,5.059500026702881,6.07258107038316,4.046418983022601,4.625,5.545000076293945,5.2124998569488525,5.559999942779541,4.099999904632568
2021-07-26,4.340000152587891,4.564000129699707,4.235000133514404,4.289999961853027,229200,0,0.0,0.004683836303478017,0.03629441685799323,4.996500015258789,6.036385138738886,3.9566148917786914,4.499500036239624,5.545000076293945,5.2124998569488525,5.454999923706055,4.320000171661377
2021-07-27,4.260000228881836,4.300000190734863,3.9700000286102295,4.110000133514404,203500,0,0.0,-0.04195800231682845,0.03477157563137761,4.934000015258789,6.028415990128331,3.839584040389247,4.409500002861023,5.455000042915344,5.2124998569488525,5.454999923706055,4.210000038146973
2021-07-28,4.199999809265137,4.340000152587891,4.099999904632568,4.340000152587891,95600,0,0.0,0.05596107338245182,0.03671743032690861,4.885000014305115,5.99371613309374,3.77628389551649,4.409500002861023,5.455000042915344,5.222499966621399,5.454999923706055,4.269999980926514
2021-07-29,4.349999904632568,4.3979997634887695,4.119999885559082,4.139999866485596,77300,0,0.0,-0.04608301361073386,0.035025380485402505,4.793000006675721,5.824898651721949,3.7611013616294917,4.409500002861023,5.455000042915344,5.192499995231628,5.454999923706055,4.150000095367432
2021-07-30,4.090000152587891,4.3460001945495605,4.086999893188477,4.150000095367432,59000,0,0.0,0.0024155143005657465,0.03510998479284775,4.710500001907349,5.667504010496056,3.7534959933186416,4.409500002861023,5.455000042915344,5.216249942779541,5.454999923706055,4.059999942779541
2021-08-02,4.150000095367432,4.389999866485596,4.110000133514404,4.269999980926514,32600,0,0.0,0.02891563440999323,0.03612521227725816,4.6375,5.488022465429145,3.7869775345708554,4.409500002861023,4.975000023841858,5.9075000286102295,5.759999990463257,4.0
2021-08-03,4.260000228881836,4.269999980926514,4.099999904632568,4.230000019073486,27500,0,0.0,-0.009367672606955812,0.035786803115788024,4.56800000667572,5.3043803834711145,3.831619629880325,4.354999899864197,4.975000023841858,5.920000076293945,5.759999990463257,3.9700000286102295
2021-08-04,4.139999866485596,4.434000015258789,4.03000020980835,4.059999942779541,110200,0,0.0,-0.040189143150685114,0.03434856216246224,4.503500008583069,5.177270770187049,3.829729246979089,4.270000100135803,4.975000023841858,5.920000076293945,5.759999990463257,3.9700000286102295
2021-08-05,4.059999942779541,4.210000038146973,4.059999942779541,4.150000095367432,77500,0,0.0,0.022167525580375935,0.03510998479284775,4.4480000019073485,5.040507939920569,3.855492063894128,4.267000079154968,4.975000023841858,5.920000076293945,5.759999990463257,3.920000076293945
2021-08-06,4.28000020980835,4.28000020980835,4.010000228881836,4.199999809265137,76200,0,0.0,0.012048123553905166,0.03553299422760771,4.4079999923706055,4.951528400193718,3.8644715845474926,4.202000021934509,4.959999918937683,5.920000076293945,5.759999990463257,3.809999942779541
2021-08-09,4.21999979019165,4.380000114440918,4.119999885559082,4.320000171661377,95300,0,0.0,0.02857151615376763,0.036548225746173536,4.368499994277954,4.805580920012912,3.9314190685429966,4.2220001220703125,4.899999976158142,5.920000076293945,5.759999990463257,3.910000085830689
2021-08-10,4.389999866485596,4.400000095367432,4.110000133514404,4.130000114440918,71000,0,0.0,-0.04398149297929055,0.03494078021211268,4.334999990463257,4.735445274066602,3.9345547068599123,4.2220001220703125,4.840000033378601,5.945000052452087,5.759999990463257,3.890000104904175
2021-08-11,4.190000057220459,4.340000152587891,4.010000228881836,4.110000133514404,78500,0,0.0,-0.004842610259641833,0.03477157563137761,4.3125,4.71038094927693,3.9146190507230703,4.2220001220703125,4.784500002861023,5.975000023841858,5.759999990463257,4.039999961853027
2021-08-12,4.110000133514404,4.28000020980835,3.9700000286102295,4.050000190734863,147100,0,0.0,-0.014598525749495717,0.034263961889172405,4.290500020980835,4.695362889027796,3.8856371529338736,4.202000021934509,4.685000061988831,5.995000004768372,5.759999990463257,3.839999914169312
2021-08-13,4.050000190734863,4.079999923706055,3.9800000190734863,4.070000171661377,74800,0,0.0,0.004938266662867674,0.034433166469907475,4.2680000305175785,4.669307765492739,3.8666922955424177,4.202000021934509,4.6250001192092896,5.740000009536743,5.759999990463257,4.050000190734863
2021-08-16,4.039999961853027,4.039999961853027,3.859999895095825,3.890000104904175,109600,0,0.0,-0.04422605876297203,0.03291032322621415,4.233000028133392,4.6379939237343555,3.828006132532429,4.146999955177307,4.564999938011169,5.692499995231628,5.759999990463257,4.070000171661377
2021-08-17,3.900000095367432,3.950000047683716,3.759999990463257,3.839999914169312,104100,0,0.0,-0.012853519122487111,0.03248730975729877,4.191000032424927,4.575337842169926,3.8066622226799276,4.080000042915344,4.429999947547913,5.692499995231628,5.759999990463257,4.090000152587891
2021-08-18,3.880000114440918,3.940000057220459,3.7699999809265137,3.920000076293945,81700,0,0.0,0.020833376018952077,0.033164130097316745,4.149500036239624,4.453506232873121,3.8454938396061276,4.080000042915344,4.304499983787537,5.5899999141693115,5.759999990463257,4.019999980926514
2021-08-19,3.910000085830689,3.920000076293945,3.630000114440918,3.670000076293945,137200,0,0.0,-0.06377550896283546,0.03104907082105068,4.110500049591065,4.4488768841167765,3.7721232150653528,4.015000104904175,4.239500045776367,5.482499957084656,5.730000019073486,4.159999847412109
2021-08-20,3.690000057220459,3.900000095367432,3.660000085830689,3.859999895095825,63900,0,0.0,0.0517710667171829,0.032656514338033835,4.09000004529953,4.436905202723918,3.7430948878751424,4.015000104904175,4.239500045776367,5.417499899864197,5.694999933242798,3.7899999618530273
2021-08-23,3.900000095367432,4.119999885559082,3.900000095367432,4.059999942779541,93700,0,0.0,0.051813485264032844,0.03434856216246223,4.078500044345856,4.4130187980391495,3.743981290652562,3.9850001335144043,4.239500045776367,5.362500071525574,5.670000076293945,3.670000076293945
2021-08-24,4.079999923706055,4.099999904632568,3.950000047683716,4.059999942779541,44000,0,0.0,0.0,0.03434856216246223,4.0760000348091125,4.410284493259673,3.741715576358552,3.955000162124634,4.239500045776367,5.334750056266785,5.670000076293945,3.7200000286102295
2021-08-25,4.059999942779541,4.114999771118164,3.9700000286102295,4.059999942779541,76200,0,0.0,0.0,0.03434856216246223,4.062000024318695,4.373309301736144,3.7506907469012454,3.875,4.239500045776367,5.2850000858306885,5.670000076293945,3.680000066757202
2021-08-26,4.090000152587891,4.190000057220459,4.03000020980835,4.070000171661377,99900,0,0.0,0.002463110596742979,0.034433166469907475,4.058500039577484,4.367768135313899,3.7492319438410693,3.9100000858306885,4.184999942779541,5.255000114440918,5.670000076293945,3.5999999046325684
2021-08-27,4.059999942779541,4.179999828338623,4.0,4.110000133514404,90900,0,0.0,0.009828000040771334,0.03477157563137761,4.056500041484833,4.363866363673738,3.7491337192959286,3.9100000858306885,4.1000001430511475,5.252500057220459,5.670000076293945,3.559999942779541
2021-08-30,4.050000190734863,4.230000019073486,4.050000190734863,4.099999904632568,79900,0,0.0,-0.0024331456343007485,0.034686971323932364,4.0480000376701355,4.340144242952335,3.7558558323879363,3.930000066757202,4.0970001220703125,5.085000038146973,5.545000076293945,3.5899999141693115
2021-08-31,4.139999866485596,4.400000095367432,4.139999866485596,4.320000171661377,105300,0,0.0,0.0536586029624615,0.036548225746173536,4.05250004529953,4.358323242043489,3.746676848555571,4.015000104904175,4.0320000648498535,5.022250056266785,5.545000076293945,3.5299999713897705
2021-09-01,4.340000152587891,4.340000152587891,4.120999813079834,4.210000038146973,62000,0,0.0,-0.02546299285726661,0.035617598535052954,4.060000050067901,4.3735356198979005,3.746464480237902,4.03000009059906,4.0320000648498535,4.932250022888184,5.455000042915344,3.569999933242798
2021-09-02,4.230000019073486,4.309999942779541,4.159999847412109,4.269999980926514,68700,0,0.0,0.014251767751990219,0.03612521227725816,4.066000044345856,4.390711902672231,3.741288186019481,4.150000095367432,4.0320000648498535,4.932250022888184,5.455000042915344,3.619999885559082
2021-09-03,4.269999980926514,4.300000190734863,4.03000020980835,4.150000095367432,73000,0,0.0,-0.02810301782086755,0.03510998479284775,4.063500058650971,4.384761115660662,3.74223900164128,4.175000071525574,4.0320000648498535,4.932250022888184,5.455000042915344,3.759999990463257
2021-09-07,4.150000095367432,4.210000038146973,4.010000228881836,4.059999942779541,55000,0,0.0,-0.02168678325775364,0.03434856216246224,4.050500047206879,4.349205972809261,3.7517941216044965,4.185000061988831,4.0320000648498535,4.932250022888184,5.455000042915344,3.7899999618530273
2021-09-08,4.099999904632568,4.099999904632568,3.9700000286102295,4.0,59000,0,0.0,-0.014778311237724773,0.03384094842025703,4.044000041484833,4.3411399480451855,3.7468601349244803,4.185000061988831,4.0320000648498535,4.69225001335144,5.455000042915344,3.829999923706055
2021-09-09,4.03000020980835,4.03000020980835,3.934999942779541,3.9700000286102295,66100,0,0.0,-0.007499992847442627,0.03358714154915443,4.037000036239624,4.334187566646184,3.739812505833063,4.167500019073486,4.0320000648498535,4.664999961853027,5.455000042915344,3.680000066757202
2021-09-10,3.9800000190734863,4.070000171661377,3.940000057220459,3.9700000286102295,54300,0,0.0,0.0,0.03358714154915443,4.033000028133392,4.331545142406232,3.734454913860552,4.167500019073486,4.015000104904175,4.622500061988831,5.455000042915344,3.759999990463257
2021-09-13,3.9700000286102295,4.050000190734863,3.869999885559082,3.920000076293945,73900,0,0.0,-0.012594446336512521,0.03316413009731676,4.025500023365021,4.327504456214774,3.7234955905152685,4.134999990463257,4.015000104904175,4.621000051498413,5.455000042915344,3.7699999809265137
2021-09-14,4.0,4.010000228881836,3.7699999809265137,3.809999942779541,95300,0,0.0,-0.028061258003443834,0.032233502886196176,4.021500015258789,4.332658284437765,3.7103417460798136,4.055000066757202,4.015000104904175,4.580999970436096,5.455000042915344,3.740000009536743
2021-09-15,3.849999904632568,3.940000057220459,3.7899999618530273,3.910000085830689,64100,0,0.0,0.02624675710052471,0.03307952780694923,4.025000023841858,4.329340318754929,3.7206597289287866,4.039999961853027,4.015000104904175,4.561000049114227,5.455000042915344,3.714999914169312
2021-09-16,3.900000095367432,3.9600000381469727,3.809999942779541,3.890000104904175,33700,0,0.0,-0.005115084523652946,0.03291032322621416,4.023500025272369,4.330207831842664,3.7167922187020754,4.0350000858306885,4.015000104904175,4.531000077724457,5.455000042915344,3.670000076293945
2021-09-17,3.849999904632568,4.085000038146973,3.829999923706055,4.039999961853027,140300,0,0.0,0.03856037349709718,0.03417935758172717,4.042000019550324,4.301758934539789,3.7822411045608586,3.990000009536743,4.015000104904175,4.503250062465668,5.455000042915344,3.609999895095825
2021-09-20,3.950000047683716,4.019999980926514,3.7799999713897705,3.839999914169312,80000,0,0.0,-0.04950496276539107,0.03248730975729878,4.041000020503998,4.303723191810156,3.77827684919784,3.934999942779541,4.015000104904175,4.44350004196167,5.455000042915344,3.660000085830689
2021-09-21,3.859999895095825,4.239999771118164,3.859999895095825,4.050000190734863,87500,0,0.0,0.05468757324464146,0.03426396188917241,4.040500032901764,4.303113516957735,3.777886548845793,4.004999876022339,4.015000104904175,4.413500070571899,5.455000042915344,3.630000114440918
2021-09-22,4.050000190734863,4.099999904632568,3.950000047683716,4.070000171661377,73600,0,0.0,0.004938266662867674,0.03443316646990748,4.041000044345855,4.303800170339763,3.7781999183519486,4.004999876022339,4.015000104904175,4.355999946594238,5.399999976158142,3.630000114440918
2021-09-23,4.099999904632568,4.110000133514404,3.950000047683716,4.090000152587891,64900,0,0.0,0.004914000020385556,0.034602371050642546,4.042500054836273,4.306066511389971,3.7789335982825754,4.004999876022339,4.015000104904175,4.254999995231628,5.350000023841858,3.549999952316284
2021-09-24,4.050000190734863,4.110000133514404,3.9800000190734863,4.019999980926514,87100,0,0.0,-0.017114955757907557,0.0340101530009921,4.04000004529953,4.303422624339642,3.776577466259419,4.004999876022339,4.015000104904175,4.19225001335144,5.350000023841858,3.5899999141693115
2021-09-27,4.050000190734863,4.320000171661377,4.050000190734863,4.159999847412109,129600,0,0.0,0.034825837599464116,0.035194585066137575,4.0425000309944155,4.309496228820402,3.7755038331684294,4.050000071525574,4.03000009059906,4.127250075340271,5.2850000858306885,3.700000047683716
2021-09-28,4.130000114440918,4.159999847412109,3.75,3.7899999618530273,174700,0,0.0,-0.08894228344485511,0.0320642983054611,4.027000033855439,4.314293983101193,3.739706084609684,4.0350000858306885,4.075000047683716,4.127250075340271,5.2850000858306885,3.890000104904175
2021-09-29,3.890000104904175,3.930000066757202,3.650000095367432,3.670000076293945,113000,0,0.0,-0.03166223925248046,0.031049070821050687,3.9945000290870665,4.28891065905711,3.7000893991170227,3.9850001335144043,4.025000095367432,4.112250089645386,5.2850000858306885,3.859999895095825
2021-09-30,3.799999952316284,3.910000085830689,3.690000057220459,3.7200000286102295,162600,0,0.0,0.013623964925574494,0.03147208227288836,3.9700000286102295,4.2701593717280915,3.6698406854923675,3.9850001335144043,4.025000095367432,4.0972501039505005,5.2850000858306885,3.950000047683716
2021-10-01,3.7699999809265137,3.839999914169312,3.5799999237060547,3.680000066757202,105500,0,0.0,-0.01075267783478251,0.031133673111418226,3.940500032901764,4.2327047691944015,3.648295296609126,3.950000047683716,3.990000009536743,4.057250022888184,5.2850000858306885,4.070000171661377
2021-10-04,3.7799999713897705,3.7799999713897705,3.559999942779541,3.5999999046325684,306400,0,0.0,-0.021739174096029212,0.030456852771400242,3.913000023365021,4.224276835784273,3.601723210945769,3.940000057220459,3.9800000190734863,4.047500014305115,5.2850000858306885,4.03000020980835
2021-10-05,3.609999895095825,3.66100001335144,3.5,3.559999942779541,94600,0,0.0,-0.011111100809073515,0.030118443609930105,3.888000023365021,4.227398635047319,3.548601411682723,3.9100000858306885,3.950000047683716,4.005000114440918,5.2850000858306885,3.7899999618530273
2021-10-06,3.559999942779541,3.615000009536743,3.4800000190734863,3.5899999141693115,114300,0,0.0,0.008426958391001493,0.03037225048103271,3.8675000190734865,4.226541796383665,3.5084582417633077,3.9000000953674316,3.940000057220459,4.013500094413757,5.2850000858306885,3.799999952316284
2021-10-07,3.619999885559082,3.700000047683716,3.5,3.5299999713897705,63000,0,0.0,-0.016713076382739778,0.029864636738827506,3.8455000162124633,4.230025959330989,3.4609740730939373,3.9000000953674316,3.9100000858306885,4.023500084877014,5.2850000858306885,4.050000190734863
2021-10-08,3.5,3.619999885559082,3.470000028610229,3.569999933242798,84800,0,0.0,0.011331434044538957,0.030203045900297643,3.825500011444092,4.223563997758048,3.427436025130136,3.8149999380111694,3.8950001001358032,4.031000077724457,5.2850000858306885,3.9600000381469727
2021-10-11,3.569999933242798,3.640000104904175,3.5199999809265137,3.619999885559082,50200,0,0.0,0.014005589146010688,0.030626057352135316,3.8105000019073487,4.215812228305974,3.4051877755087236,3.700000047683716,3.8950001001358032,4.091000080108643,5.2850000858306885,3.75
2021-10-12,3.640000104904175,3.7699999809265137,3.5999999046325684,3.759999990463257,20500,0,0.0,0.038674063350848,0.031810491434358504,3.8080000042915345,4.213916634416303,3.4020833741667658,3.690000057220459,3.8950001001358032,4.103500068187714,5.2850000858306885,3.7100000381469727
2021-10-13,3.7799999713897705,3.819999933242798,3.700000047683716,3.7899999618530273,41100,0,0.0,0.007978715815388782,0.03206429830546111,3.8019999980926515,4.205217880807376,3.398782115377928,3.6549999713897705,3.8950001001358032,4.108500063419342,5.2850000858306885,3.569999933242798
2021-10-14,3.829999923706055,3.869999885559082,3.799999952316284,3.829999923706055,61300,0,0.0,0.010554079750827006,0.03240270746693125,3.7989999890327453,4.200423734264448,3.3975762438010424,3.6699999570846558,3.8950001001358032,4.108500063419342,4.805000066757202,3.630000114440918
2021-10-15,3.859999895095825,3.859999895095825,3.650000095367432,3.680000066757202,47300,0,0.0,-0.03916445429160931,0.031133673111418236,3.780999994277954,4.169523704538194,3.3924762840177145,3.6699999570846558,3.8950001001358032,4.09975004196167,4.805000066757202,3.5
2021-10-18,3.670000076293945,3.7899999618530273,3.619999885559082,3.759999990463257,54700,0,0.0,0.021739109308372973,0.03181049143435851,3.776999998092651,4.164648445619361,3.389351550565942,3.6699999570846558,3.8950001001358032,4.091250061988831,4.805000066757202,3.490000009536743
2021-10-19,3.759999990463257,3.890000104904175,3.75,3.7699999809265137,34100,0,0.0,0.0026595719384630012,0.03189509372472605,3.762999987602234,4.129632830821454,3.3963671443830137,3.680000066757202,3.8950001001358032,4.075000047683716,4.805000066757202,3.5
2021-10-20,3.799999952316284,3.900000095367432,3.680000066757202,3.740000009536743,72800,0,0.0,-0.007957552133036838,0.03164128685362345,3.746499979496002,4.084685577109917,3.408314381882088,3.6850000619888306,3.8950001001358032,4.0350000858306885,4.789999961853027,3.390000104904175
2021-10-21,3.700000047683716,3.808000087738037,3.700000047683716,3.714999914169312,19200,0,0.0,-0.006684517460877726,0.03142978011916576,3.727749967575073,4.0265670692557265,3.4289328658944203,3.7100000381469727,3.8950001001358032,4.027500033378601,4.730000019073486,3.25
2021-10-22,3.740000009536743,3.740000009536743,3.5799999237060547,3.670000076293945,64400,0,0.0,-0.012113011821005437,0.0310490708210507,3.710249972343445,3.9775672842332823,3.4429326604536077,3.740000009536743,3.8950001001358032,4.025000095367432,4.670000076293945,3.220000028610229
2021-10-25,3.700000047683716,3.700000047683716,3.539999961853028,3.609999895095825,64400,0,0.0,-0.016348822874878377,0.030541455061767787,3.6827499747276304,3.8546062642564305,3.5108936851988304,3.72000002861023,3.8950001001358032,4.002500057220459,4.614500045776367,3.069999933242798
2021-10-26,3.650000095367432,3.785000085830689,3.5199999809265137,3.660000085830689,73300,0,0.0,0.013850468750093103,0.030964468530683176,3.6762499809265137,3.8410003455363158,3.5114996163167116,3.7100000381469727,3.8950001001358032,3.975000023841858,4.515000104904175,3.0899999141693115
2021-10-27,3.660000085830689,3.7699999809265137,3.559999942779541,3.630000114440918,43800,0,0.0,-0.008196713302251801,0.030710661659580567,3.6742499828338624,3.840235232632548,3.5082647330351766,3.7100000381469727,3.8950001001358032,4.009999990463257,4.455000162124634,2.5299999713897705
2021-10-28,3.674999952316284,3.674999952316284,3.549999952316284,3.630000114440918,34200,0,0.0,0.0,0.030710661659580567,3.669749987125397,3.83540600962175,3.504093964629044,3.7100000381469727,3.8950001001358032,4.009999990463257,4.450000047683716,2.5999999046325684
2021-10-29,3.609999895095825,3.690000057220459,3.549999952316284,3.549999952316284,38900,0,0.0,-0.022038611460747926,0.030033841319562583,3.663249981403351,3.836885334648853,3.489614628157849,3.7100000381469727,3.8950001001358032,4.009999990463257,4.365000009536743,2.789999961853028
2021-11-01,3.660000085830689,3.849999904632568,3.569999933242798,3.5899999141693115,104100,0,0.0,0.011267595039523348,0.030372250481032717,3.662749981880188,3.837175363091721,3.4883246006686552,3.7100000381469727,3.8950001001358032,4.009999990463257,4.239500045776367,2.950000047683716
2021-11-02,3.630000114440918,3.752000093460083,3.5999999046325684,3.700000047683716,46800,0,0.0,0.03064070644688499,0.0313028776921533,3.669749987125397,3.838189856285038,3.501310117965756,3.684999942779541,3.8149999380111694,4.040000081062317,4.239500045776367,2.789999961853028
2021-11-03,3.700000047683716,3.890000104904175,3.670000076293945,3.890000104904175,47300,0,0.0,0.05135136615454994,0.03291032322621416,3.68474999666214,3.8744456217748544,3.4950543715494256,3.7050000429153442,3.700000047683716,4.055000066757202,4.239500045776367,2.809999942779541
2021-11-04,3.549999952316284,3.890000104904175,3.549999952316284,3.859999895095825,38000,0,0.0,-0.0077121359895410135,0.03265651433803384,3.7012499928474427,3.89164776600138,3.5108522196935055,3.7050000429153442,3.690000057220459,4.005000114440918,4.239500045776367,2.690000057220459
2021-11-05,3.900000095367432,3.9600000381469727,3.7300000190734863,3.950000047683716,82200,0,0.0,0.023316102340374956,0.03341793696841936,3.7202499985694883,3.9295805159221344,3.5109194812168423,3.740000009536743,3.715000033378601,4.005000114440918,4.239500045776367,2.5799999237060547
2021-11-08,3.890000104904175,4.199999809265137,3.890000104904175,4.070000171661377,175100,0,0.0,0.030379777855453316,0.03443316646990748,3.742750012874603,3.99666523007941,3.4888347956697965,3.8749998807907104,3.834999918937683,3.9700000286102295,4.2144999504089355,2.6600000858306885
2021-11-09,4.130000114440918,4.25,4.0,4.03000020980835,106400,0,0.0,-0.009828000040771334,0.03409475730843735,3.756250023841858,4.039726630125037,3.4727734175586784,3.899999976158142,3.8600000143051147,3.9600000381469727,4.1499998569488525,2.720000028610229
2021-11-10,3.9700000286102295,4.179999828338623,3.7809998989105225,3.7899999618530273,104000,0,0.0,-0.0595534083028586,0.032064298305461106,3.756250023841858,4.039726630125037,3.4727734175586784,3.899999976158142,3.8600000143051147,3.930000066757202,4.0350000858306885,2.7799999713897705
2021-11-11,3.819999933242798,3.849999904632568,3.75,3.799999952316284,41900,0,0.0,0.002638519937706807,0.032148900595828644,3.7547500252723696,4.036950612846306,3.472549437698433,3.899999976158142,3.8600000143051147,3.9200000762939453,4.022000074386597,2.7100000381469727
2021-11-12,3.869999885559082,4.050000190734863,3.8359999656677246,4.050000190734863,117300,0,0.0,0.06578953725149184,0.03426396188917242,3.7732500314712523,4.081063015232109,3.4654370477103953,3.899999976158142,3.8600000143051147,3.90500009059906,3.9570000171661377,2.5899999141693115
2021-11-15,4.050000190734863,4.070000171661377,3.849999904632568,3.9600000381469727,114600,0,0.0,-0.022222258851686716,0.0335025392587869,3.7832500338554382,4.101621560303418,3.4648785074074593,3.899999976158142,3.884999990463257,3.8550000190734863,3.9520000219345093,2.609999895095825
2021-11-16,3.9600000381469727,3.9700000286102295,3.7200000286102295,3.75,91700,0,0.0,-0.053030312152532066,0.03172588914399097,3.7822500348091124,4.100910389188496,3.463589680429728,3.899999976158142,3.884999990463257,3.7975000739097595,3.9520000219345093,2.5799999237060547
2021-11-17,3.75,3.759999990463257,3.670000076293945,3.7100000381469727,53400,0,0.0,-0.01066665649414067,0.03138747998252083,3.780750036239624,4.10048405578875,3.461016016690498,3.9600000381469727,3.884999990463257,3.792500078678131,3.9520000219345093,2.4600000381469727
2021-11-18,3.7200000286102295,3.7200000286102295,3.4800000190734863,3.569999933242798,128800,0,0.0,-0.037735876944653746,0.030203045900297643,3.7735000371932985,4.105348765734676,3.4416513086519216,3.865000009536743,3.865000009536743,3.775000035762787,3.9520000219345093,2.430000066757202
2021-11-19,3.539999961853028,3.700000047683716,3.490000009536743,3.630000114440918,44200,0,0.0,0.016806773759129756,0.030710661659580557,3.771500039100647,4.106320935493662,3.4366791427076318,3.865000009536743,3.865000009536743,3.7825000286102295,3.9520000219345093,2.2799999713897705
2021-11-22,3.619999885559082,3.635999917984009,3.5,3.5,70300,0,0.0,-0.03581270257368574,0.029610829867724904,3.766000044345856,4.114730581842938,3.4172695068487737,3.8299999237060547,3.865000009536743,3.7825000286102295,3.9520000219345093,2.2300000190734863
2021-11-23,3.509999990463257,3.569999933242798,3.470000028610229,3.490000009536743,84900,0,0.0,-0.0028571401323590484,0.029526227577357372,3.7575000405311583,4.1241756653217365,3.3908244157405805,3.7700001001358032,3.8600000143051147,3.7825000286102295,3.9350000619888306,2.190000057220459
2021-11-24,3.4800000190734863,3.5480000972747803,3.450000047683716,3.5,79800,0,0.0,0.002865326772472976,0.029610829867724904,3.7510000348091124,4.130999711912223,3.371000357706002,3.7600001096725464,3.850000023841858,3.7875000834465027,3.9350000619888306,2.450000047683716
2021-11-26,3.3499999046325684,3.490000009536743,3.2809998989105225,3.390000104904175,103100,0,0.0,-0.03142854145595009,0.028680204673682028,3.7390000343322756,4.1479092184399695,3.330090850224581,3.6755000352859497,3.7654999494552612,3.790000081062317,3.9350000619888306,2.630000114440918
2021-11-29,3.430000066757202,3.450000047683716,3.25,3.25,124000,0,0.0,-0.041297964770456,0.02749577059145884,3.724000036716461,4.179436319826711,3.2685637536062115,3.6100000143051147,3.75,3.802500069141388,3.9350000619888306,2.6700000762939453
2021-11-30,3.25,3.3499999046325684,3.150000095367432,3.220000028610229,134100,0,0.0,-0.009230760427621831,0.027241963720356234,3.705500042438507,4.209253021637267,3.201747063239748,3.4550000429153442,3.700000047683716,3.817500054836273,3.9350000619888306,2.740000009536743
2021-12-01,3.2799999713897705,3.2799999713897705,3.0299999713897705,3.069999933242798,93500,0,0.0,-0.046583880134986266,0.025972927347765514,3.6740000367164614,4.249677737969199,3.098322335463724,3.375,3.6399999856948853,3.8075000643730164,3.9350000619888306,2.75
2021-12-02,3.0799999237060547,3.130000114440918,2.950000047683716,3.0899999141693115,95500,0,0.0,0.006514651909255154,0.02614213192850058,3.634000027179718,4.254047891069061,3.0139521632903747,3.325000047683716,3.600000023841858,3.802500069141388,3.9350000619888306,2.6600000858306885
2021-12-03,3.130000114440918,3.130000114440918,2.4100000858306885,2.5299999713897705,480200,0,0.0,-0.18122975997884017,0.021404399633763248,3.5675000309944154,4.343825658900054,2.7911744030887764,3.0230000019073486,3.3300000429153442,3.802500069141388,3.9350000619888306,2.5899999141693115
2021-12-06,2.650000095367432,2.650000095367432,2.4800000190734863,2.5999999046325684,108100,0,0.0,0.02766795811635747,0.021996615666335987,3.500000023841858,4.362517353839979,2.6374826938437366,2.990000009536743,3.3300000429153442,3.802500069141388,3.9350000619888306,2.470000028610229
2021-12-07,2.6600000858306885,2.869999885559082,2.6600000858306885,2.789999961853028,137500,0,0.0,0.07307694776523865,0.02360406120039685,3.4360000133514403,4.309845030985001,2.562154995717879,2.9790000915527344,3.3300000429153442,3.802500069141388,3.9350000619888306,2.470000028610229
2021-12-08,2.8499999046325684,2.9800000190734863,2.759999990463257,2.950000047683716,96900,0,0.0,0.057347701798684314,0.024957699863355103,3.382000005245209,4.235363929401018,2.5286360810893993,2.950000047683716,3.3300000429153442,3.802500069141388,3.9350000619888306,2.430000066757202
2021-12-09,2.950000047683716,2.9800000190734863,2.789999961853028,2.789999961853028,79300,0,0.0,-0.05423731635405127,0.02360406120039685,3.3320000052452086,4.201093437547639,2.462906572942778,2.930000066757202,3.3300000429153442,3.7499999403953552,3.9350000619888306,2.25
2021-12-10,2.809999942779541,2.880000114440918,2.75,2.809999942779541,33000,0,0.0,0.007168452042999318,0.023773265781131918,3.2825000047683717,4.152111510665124,2.4128884988716193,2.8799999952316284,3.3300000429153442,3.70250004529953,3.9350000619888306,2.359999895095825
2021-12-13,2.890000104904175,2.890000104904175,2.640000104904175,2.690000057220459,69400,0,0.0,-0.04270458647781428,0.022758038296721506,3.214499998092651,4.044803870159752,2.38419612602555,2.8450000286102295,3.3300000429153442,3.6975000500679016,3.9350000619888306,2.2799999713897705
2021-12-14,2.6700000762939453,2.7699999809265137,2.549999952316284,2.5799999237060547,122900,0,0.0,-0.040892242072316565,0.02182741108560092,3.1454999923706053,3.9449877399467796,2.346012244794431,2.7700001001358032,3.3300000429153442,3.727500021457672,3.9350000619888306,2.2300000190734863
2021-12-15,2.5999999046325684,2.7049999237060547,2.4600000381469727,2.6600000858306885,71500,0,0.0,0.031007815693931073,0.0225042314256189,3.09099999666214,3.866205503535419,2.315794489788861,2.7700001001358032,3.3300000429153442,3.8549998998641968,3.9350000619888306,2.180000066757202
2021-12-16,2.6700000762939453,2.869999885559082,2.569999933242798,2.720000028610229,46300,0,0.0,0.02255636873816247,0.023011845167824105,3.0414999961853026,3.7772946059656936,2.3057053864049117,2.7200000286102295,3.2949999570846558,3.8799999952316284,3.9350000619888306,2.2100000381469727
2021-12-17,2.6600000858306885,2.900000095367432,2.619999885559082,2.7799999713897705,47600,0,0.0,0.022058802260453758,0.023519458910029316,3.0019999980926513,3.703738251470951,2.3002617447143514,2.7200000286102295,3.2400001287460327,3.8799999952316284,3.9350000619888306,2.039999961853028
2021-12-20,2.700000047683716,2.7799999713897705,2.650000095367432,2.7100000381469727,32500,0,0.0,-0.025179832360862853,0.022927242877456577,2.955999994277954,3.6051371692475547,2.3068628193083534,2.7200000286102295,3.2400001287460327,3.8799999952316284,3.9350000619888306,2.0799999237060547
2021-12-21,2.720000028610229,2.789999961853028,2.5,2.5899999141693115,116200,0,0.0,-0.04428048792933381,0.021912013375968455,2.9104999899864197,3.5271496270094405,2.293850352963399,2.7200000286102295,3.2400001287460327,3.8799999952316284,3.90500009059906,2.039999961853028
2021-12-22,2.609999895095825,2.690000057220459,2.575000047683716,2.609999895095825,42300,0,0.0,0.00772200061362871,0.022081217956703526,2.8664999842643737,3.4346429625311083,2.298357005997639,2.680000066757202,3.190000057220459,3.8924999833106995,3.8950001001358032,2.1600000858306885
2021-12-23,2.5899999141693115,2.691999912261963,2.539999961853028,2.5799999237060547,63100,0,0.0,-0.011494242373779495,0.021827411085600924,2.8204999804496764,3.3201826989964554,2.3208172619028975,2.680000066757202,3.0850000381469727,3.8924999833106995,3.8950001001358032,2.200000047683716
2021-12-27,2.5999999046325684,2.624000072479248,2.4100000858306885,2.4600000381469727,177200,0,0.0,-0.04651158492543972,0.020812183601190512,2.7739999771118162,3.2230428805157776,2.324957073707855,2.65500009059906,3.065000057220459,3.9225000143051147,3.8950001001358032,2.180000066757202
2021-12-28,2.4600000381469727,2.539999961853028,2.4100000858306885,2.430000066757202,145600,0,0.0,-0.012195110131936526,0.02055837673008791,2.7329999804496765,3.148880870358796,2.317119090540557,2.65500009059906,3.055000066757202,3.865000009536743,3.8950001001358032,1.9800000190734863
2021-12-29,2.4600000381469727,2.5199999809265137,2.220000028610229,2.2799999713897705,199900,0,0.0,-0.06172843261177541,0.019289340357497187,2.6859999775886534,3.082941030080148,2.2890589250971587,2.5600000619888306,2.927999973297119,3.865000009536743,3.8950001001358032,1.950000047683716
2021-12-30,2.2799999713897705,2.319999933242798,2.1600000858306885,2.2300000190734863,206400,0,0.0,-0.02192980392267585,0.018866328905659514,2.643999981880188,3.047308021205095,2.2406919425552805,2.53000009059906,2.865000009536743,3.847499966621399,3.8950001001358032,2.1700000762939453
2021-12-31,2.240000009536743,2.400000095367432,2.190000057220459,2.190000057220459,240800,0,0.0,-0.01793720247125663,0.018527919744189377,2.5989999890327455,2.99387271041757,2.204127267647921,2.475000023841858,2.8540000915527344,3.815000057220459,3.8950001001358032,2.1700000762939453
2022-01-03,2.220000028610229,2.470000028610229,2.2100000381469727,2.450000047683716,92500,0,0.0,0.11872145373057563,0.020727581310822973,2.5949999928474425,2.9942316874567254,2.1957682982381597,2.475000023841858,2.825000047683716,3.805000066757202,3.8850001096725464,2.25
2022-01-04,2.509999990463257,2.809999942779541,2.4800000190734863,2.630000114440918,371000,0,0.0,0.07346941357302339,0.022250424554516295,2.59650000333786,2.9960240659357806,2.1969759407399394,2.4850000143051147,2.805000066757202,3.7204999923706055,3.8005000352859497,2.3299999237060547
2022-01-05,2.650000095367432,2.7300000190734863,2.5,2.6700000762939453,132000,0,0.0,0.015209110308928908,0.022588833715986432,2.590500009059906,2.9816467272220186,2.1993532908977937,2.4850000143051147,2.7549999952316284,3.6800000071525574,3.7850000858306885,2.069999933242798
2022-01-06,2.799999952316284,2.8399999141693115,2.5799999237060547,2.740000009536743,107900,0,0.0,0.026217202712578214,0.02318104974855917,2.5800000071525573,2.9418534149703794,2.218146599334735,2.5,2.7200000286102295,3.57750004529953,3.7350001335144043,2.109999895095825
2022-01-07,2.7799999713897705,2.83899998664856,2.609999895095825,2.75,57400,0,0.0,0.0036496315432303916,0.023265652038926707,2.578000009059906,2.935559006957383,2.220441011162429,2.5,2.6450001001358032,3.5074999928474426,3.6750000715255737,2.150000095367432
2022-01-10,2.75,2.809999942779541,2.5799999237060547,2.6600000858306885,82600,0,0.0,-0.03272724151611328,0.0225042314256189,2.5705000162124634,2.9141537064395395,2.2268463259853872,2.5,2.6450001001358032,3.462500035762787,3.6350001096725464,2.069999933242798
2022-01-11,2.700000047683716,2.7799999713897705,2.549999952316284,2.5899999141693115,85300,0,0.0,-0.026315853158898173,0.021912013375968452,2.565500009059906,2.904891121657327,2.2261088964624847,2.5,2.5700000524520874,3.1765000224113464,3.3650001287460327,2.069999933242798
2022-01-12,2.630000114440918,2.630000114440918,2.4600000381469727,2.470000028610229,38800,0,0.0,-0.04633200368177226,0.020896785891558037,2.560000014305115,2.90185599402151,2.21814403458872,2.5149999856948853,2.5700000524520874,3.1600000262260437,3.3650001287460327,2.150000095367432
2022-01-13,2.450000047683716,2.609999895095825,2.450000047683716,2.470000028610229,43600,0,0.0,0.0,0.020896785891558037,2.550500011444092,2.8912585700087754,2.2097414528794084,2.524999976158142,2.5700000524520874,3.1545000672340393,3.3650001287460327,2.0299999713897705
2022-01-14,2.4600000381469727,2.5299999713897705,2.380000114440918,2.430000066757202,43300,0,0.0,-0.016194316352106775,0.020558376730087903,2.5360000133514404,2.871250773871072,2.200749252831809,2.6100000143051147,2.5700000524520874,3.14000004529953,3.3650001287460327,2.0
2022-01-18,2.400000095367432,2.45199990272522,2.200000047683716,2.25,57000,0,0.0,-0.0740740995112027,0.019035533486394578,2.5095000147819517,2.8472189288900314,2.171781100673872,2.5199999809265137,2.53000009059906,3.130000054836273,3.3300000429153442,2.039999961853028
2022-01-19,2.259999990463257,2.374000072479248,2.2300000190734863,2.359999895095825,114200,0,0.0,0.04888884226481127,0.019966158680437454,2.4920000076293944,2.822464191231272,2.161535824027517,2.5199999809265137,2.53000009059906,3.1050000190734863,3.3300000429153442,2.1700000762939453
2022-01-20,2.359999895095825,2.4200000762939453,2.25,2.2799999713897705,89300,0,0.0,-0.03389827426361236,0.01928934035749718,2.4765000104904176,2.8161769737831497,2.1368230471976855,2.5195000171661377,2.53000009059906,3.087500035762787,3.3300000429153442,2.200000047683716
2022-01-21,2.2699999809265137,2.3529999256134038,2.200999975204468,2.2300000190734863,54900,0,0.0,-0.02192980392267585,0.018866328905659507,2.4575000166893006,2.807646634148769,2.107353399229832,2.5049999952316284,2.53000009059906,3.0500000715255737,3.3300000429153442,2.109999895095825
2022-01-24,2.200000047683716,2.240000009536743,2.009999990463257,2.180000066757202,80900,0,0.0,-0.02242150308907087,0.018443317453821835,2.437500023841858,2.8029051215647685,2.072094926118947,2.3949999809265137,2.4550000429153442,3.0500000715255737,3.3300000429153442,2.109999895095825
2022-01-25,2.150000095367432,2.400000095367432,2.0899999141693115,2.2100000381469727,22200,0,0.0,0.01376145434453857,0.018697124324924437,2.425000023841858,2.803485495712025,2.046514551971691,2.3200000524520874,2.4550000429153442,3.0074999928474426,3.3300000429153442,2.1700000762939453
2022-01-26,2.190000057220459,2.299999952316284,2.000999927520752,2.039999961853028,47000,0,0.0,-0.07692311011744846,0.01725888337159865,2.405500018596649,2.8198405671871045,1.9911594700061934,2.3054999113082886,2.4204999208450317,2.980000078678131,3.3300000429153442,2.049999952316284
2022-01-27,2.059999942779541,2.109999895095825,1.919999957084656,2.0799999237060547,180300,0,0.0,0.019607824804414697,0.017597292533068784,2.3955000162124636,2.8308288708576095,1.9601711615673176,2.224999964237213,2.3799999356269836,2.980000078678131,3.3300000429153442,2.0199999809265137
2022-01-28,2.130000114440918,2.13700008392334,1.9800000190734863,2.039999961853028,75200,0,0.0,-0.01923075159625809,0.01725888337159865,2.3860000133514405,2.8433412464289463,1.928658780273935,2.185999929904938,2.3799999356269836,2.980000078678131,3.3300000429153442,1.9900000095367432
2022-01-31,2.039999961853028,2.180000066757202,2.039999961853028,2.1600000858306885,58700,0,0.0,0.0588235912850994,0.018274112873086768,2.3845000147819517,2.8446213254749755,1.924378704088928,2.1700000166893005,2.3799999356269836,2.9350000619888306,3.3300000429153442,2.009999990463257
2022-02-01,2.190000057220459,2.3499999046325684,2.164999961853028,2.200000047683716,43800,0,0.0,0.01851850012202405,0.018612522034556905,2.372000014781952,2.8379344650692486,1.9060655644946556,2.1700000166893005,2.3799999356269836,2.8825000524520874,3.3300000429153442,2.0199999809265137
2022-02-02,2.180000066757202,2.2799999713897705,2.059999942779541,2.180000066757202,44900,0,0.0,-0.009090900224102638,0.018443317453821835,2.3495000123977663,2.806711890314806,1.892288134480727,2.160000026226044,2.3799999356269836,2.8600000739097595,3.3300000429153442,2.0199999809265137
2022-02-03,2.109999895095825,2.150000095367432,1.9800000190734863,1.9800000190734863,24100,0,0.0,-0.09174313832990855,0.016751269629393443,2.3150000095367433,2.7744187694015796,1.855581249671907,2.160000026226044,2.3799999356269836,2.855000078678131,3.3300000429153442,2.009999990463257
2022-02-04,1.9900000095367432,1.9900000095367432,1.9299999475479128,1.950000047683716,116200,0,0.0,-0.015151500555948605,0.016497462758290844,2.275500011444092,2.717283316148703,1.833716706739481,2.160000026226044,2.3799999356269836,2.744000017642975,3.2350000143051147,1.950000047683716
2022-02-07,2.0,2.220000028610229,2.0,2.1700000762939453,85900,0,0.0,0.11282052473360382,0.018358715163454303,2.246500015258789,2.6318557866369217,1.8611442438806567,2.134999930858612,2.3799999356269836,2.6975000500679016,3.2050000429153442,1.850000023841858
2022-02-08,2.150000095367432,2.220000028610229,2.119999885559082,2.1700000762939453,51300,0,0.0,0.0,0.018358715163454303,2.222000014781952,2.557684724487987,1.886315305075917,2.134999930858612,2.3799999356269836,2.664500057697296,3.2050000429153442,1.899999976158142
2022-02-09,2.1700000762939453,2.3499999046325684,2.150000095367432,2.25,86800,0,0.0,0.03686632299233983,0.019035533486394578,2.2050000190734864,2.4953322319446793,1.9146678062022935,2.1399999260902405,2.3799999356269836,2.650000035762787,3.2050000429153442,1.919999957084656
2022-02-10,2.240000009536743,2.400000095367432,2.2300000190734863,2.3299999237060547,48900,0,0.0,0.03555552164713549,0.019712351809334852,2.1980000138282776,2.4682870774177927,1.9277129502387624,2.1650000214576726,2.3799999356269836,2.6450000405311584,3.2050000429153442,1.8899999856948853
2022-02-11,2.309999942779541,2.365000009536743,2.069999933242798,2.069999933242798,59300,0,0.0,-0.11158798239345247,0.017512690242701252,2.178000009059906,2.4225229508141513,1.933477067305661,2.1650000214576726,2.3799999356269836,2.6200000047683716,3.2050000429153442,1.9299999475479128
2022-02-14,2.059999942779541,2.319999933242798,2.049999952316284,2.109999895095825,26600,0,0.0,0.019323653692280285,0.017851099404171386,2.162000000476837,2.378451701490989,1.9455482994626856,2.1650000214576726,2.379499971866608,2.6100000143051147,3.2050000429153442,2.009999990463257
2022-02-15,2.1700000762939453,2.190000057220459,2.0999999046325684,2.150000095367432,27900,0,0.0,0.018957441829536403,0.018189510582719236,2.1570000052452087,2.369634912737874,1.9443650977525433,2.1650000214576726,2.3649999499320984,2.5725000500679016,3.2050000429153442,1.9600000381469729
2022-02-16,2.187000036239624,2.2100000381469727,2.069999933242798,2.069999933242798,15600,0,0.0,-0.037209376081893786,0.01751269024270125,2.1425000071525573,2.3363085597287583,1.9486914545763563,2.1650000214576726,2.349999964237213,2.5725000500679016,3.2050000429153442,1.899999976158142
2022-02-17,2.0,2.119999885559082,2.0,2.069999933242798,65200,0,0.0,0.0,0.01751269024270125,2.132000005245209,2.317353842377847,1.9466461681125709,2.200000047683716,2.275000035762787,2.5350000262260437,3.2050000429153442,1.8799999952316284
2022-02-18,2.0799999237060547,2.150000095367432,2.0799999237060547,2.150000095367432,34100,0,0.0,0.038647422562622324,0.018189510582719236,2.128000009059906,2.3080417437322227,1.9479582743875887,2.200000047683716,2.2649999260902405,2.5425000190734863,3.2050000429153442,1.8799999952316284
2022-02-22,2.2100000381469727,2.2100000381469727,2.0,2.0299999713897705,35400,0,0.0,-0.055814008676661864,0.01717428108123111,2.1205000042915345,2.303755755701167,1.9372442528819018,2.200000047683716,2.224999964237213,2.5475000143051147,3.2050000429153442,2.009999990463257
2022-02-23,2.0299999713897705,2.157000064849853,1.9700000286102293,2.0,22700,0,0.0,-0.014778311237724773,0.01692047421012851,2.1100000023841856,2.2956154514469773,1.9243845533213941,2.1850000619888306,2.185999929904938,2.590000033378601,3.2050000429153442,1.9299999475479128
2022-02-24,2.0,2.140000104904175,1.9700000286102293,2.039999961853028,39800,0,0.0,0.019999980926513894,0.01725888337159865,2.1100000023841856,2.2956154514469773,1.9243845533213941,2.1675000190734863,2.1700000166893005,2.525000035762787,3.2050000429153442,1.8899999856948853
2022-02-25,2.180000066757202,2.180000066757202,2.039999961853028,2.1700000762939453,75400,0,0.0,0.06372554748620307,0.0183587151634543,2.1145000100135802,2.3013612428415717,1.9276387771855887,2.1449999809265137,2.1700000166893005,2.525000035762787,3.2050000429153442,1.8899999856948853
2022-02-28,2.109999895095825,2.240000009536743,2.059999942779541,2.200000047683716,32400,0,0.0,0.01382487112212738,0.018612522034556902,2.122500014305115,2.309620753014694,1.935379275595536,2.1050000190734863,2.160000026226044,2.524750053882599,3.2050000429153442,1.899999976158142
2022-03-01,2.200000047683716,2.200000047683716,2.0999999046325684,2.109999895095825,20800,0,0.0,-0.04090915938054085,0.017851099404171386,2.1200000047683716,2.306376397195166,1.933623612341577,2.1050000190734863,2.160000026226044,2.5175000429153442,3.2050000429153442,1.8600000143051147
2022-03-02,2.190000057220459,2.190000057220459,2.0199999809265137,2.109999895095825,34000,0,0.0,0.0,0.017851099404171386,2.115499997138977,2.2982032483702644,1.9327967459076896,2.1050000190734863,2.160000026226044,2.425000011920929,3.1299999952316284,1.850000023841858
2022-03-03,2.289999961853028,2.359999895095825,2.069999933242798,2.1700000762939453,108500,0,0.0,0.028436106247007764,0.0183587151634543,2.114999997615814,2.2970408213889852,1.9329591738426428,2.1649999618530273,2.160000026226044,2.387500047683716,3.09499990940094,1.7999999523162842
2022-03-04,2.150000095367432,2.240000009536743,2.009999990463257,2.049999952316284,68900,0,0.0,-0.055299594358818815,0.017343485661966182,2.118499994277954,2.292450202452431,1.944549786103477,2.1649999618530273,2.160000026226044,2.36299991607666,3.0355000495910645,1.7300000190734863
2022-03-07,2.0899999141693115,2.119999885559082,2.009999990463257,2.0199999809265137,35700,0,0.0,-0.014634132725648952,0.01708967879086358,2.121999990940094,2.2845737326851006,1.9594262491950878,2.1649999618530273,2.1650000214576726,2.3024999499320984,2.9950000643730164,1.7000000476837158
2022-03-08,2.039999961853028,2.0899999141693115,1.955000042915344,1.9900000095367432,52400,0,0.0,-0.014851471125267302,0.016835871919760978,2.112999987602234,2.2837623268558667,1.9422376483486015,2.1574999690055847,2.1650000214576726,2.2829999327659607,2.9950000643730164,1.7699999809265137
2022-03-09,2.049999952316284,2.0999999046325684,2.0,2.009999990463257,70000,0,0.0,0.010050241623450695,0.017005076500496045,2.1049999833106994,2.2793246403912195,1.9306753262301795,2.1574999690055847,2.1650000214576726,2.274999976158142,2.9449999928474426,1.690000057220459
2022-03-10,2.0299999713897705,2.059999942779541,1.9800000190734863,2.0199999809265137,24400,0,0.0,0.004975119657066207,0.017089678790863577,2.093499982357025,2.2580116208091123,1.928988343904938,2.1574999690055847,2.1650000214576726,2.274999976158142,2.8399999737739563,1.600000023841858
2022-03-11,2.049999952316284,2.0799999237060547,1.9700000286102293,2.0199999809265137,36600,0,0.0,0.0,0.017089678790863577,2.077999985218048,2.2039997100994104,1.952000260336686,2.1574999690055847,2.1650000214576726,2.2699999809265137,2.8199999928474426,1.649999976158142
2022-03-14,2.0,2.039999961853028,1.940000057220459,2.009999990463257,51900,0,0.0,-0.0049504903750891005,0.01700507650049604,2.074999988079071,2.2044662783710285,1.9455336977871138,2.149999976158142,2.1650000214576726,2.2699999809265137,2.810000002384186,
2022-03-15,1.9800000190734863,2.0299999713897705,1.919999957084656,1.950000047683716,42100,0,0.0,-0.029850717942397686,0.016497462758290837,2.0669999957084655,2.206335005714888,1.9276649857020431,2.1399999260902405,2.160000026226044,2.2699999809265137,2.7779999375343323,
2022-03-16,1.930999994277954,1.9900000095367432,1.8200000524520876,1.850000023841858,100600,0,0.0,-0.051282062254635274,0.01565143884607664,2.051999992132187,2.2151943638996188,1.888805620364755,2.0300000309944153,2.11000007390976,2.257499933242798,2.744999945163727,
2022-03-17,1.868000030517578,1.950000047683716,1.8600000143051147,1.899999976158142,37000,0,0.0,0.02702700090373522,0.01607445029791431,2.043499994277954,2.2194150787807794,1.8675849097751285,1.9699999690055847,2.11000007390976,2.257499933242798,2.734000027179718,
2022-03-18,1.899999976158142,1.9700000286102293,1.870000004768372,1.919999957084656,40400,0,0.0,0.010526305882884612,0.01624365487864938,2.035999995470047,2.2194680123658554,1.852531978574239,1.9599999785423279,2.11000007390976,2.259999930858612,2.7049999833106995,
2022-03-21,1.9299999475479128,1.9299999475479128,1.870000004768372,1.8899999856948853,18900,0,0.0,-0.01562498544808455,0.015989848007546773,2.0229999899864195,2.20917013963206,1.8368298403407788,1.9599999785423279,2.0925000309944153,2.272499978542328,2.685000002384186,
2022-03-22,1.919999957084656,1.940000057220459,1.870000004768372,1.9299999475479128,36600,0,0.0,0.02116400114062489,0.01632825716901691,2.017999988794327,2.2085178644815118,1.827482113107142,1.949999988079071,2.0899999737739563,2.272499978542328,2.634999930858612,
2022-03-23,1.909999966621399,2.059999942779541,1.9040000438690183,2.009999990463257,40400,0,0.0,0.04145080056452066,0.017005076500496034,2.0184999883174894,2.208877194999183,1.8281227816357963,1.949999988079071,2.0899999737739563,2.2722499966621403,2.599999964237213,
2022-03-24,2.049999952316284,2.119999885559082,1.940000057220459,1.9600000381469729,30300,0,0.0,-0.02487559828533137,0.016582065048658366,2.014499992132187,2.206273974228749,1.8227260100356246,1.9699999690055847,2.0899999737739563,2.2649999856948853,2.525000035762787,
2022-03-25,1.9299999475479128,2.0,1.870000004768372,1.899999976158142,38400,0,0.0,-0.030612275929114863,0.016074450297914305,2.0009999871253967,2.1848532900729354,1.817146684177858,1.9699999690055847,2.0899999737739563,2.2574999928474426,2.525000035762787,
2022-03-28,2.0,2.0,1.830000042915344,1.8799999952316284,82900,0,0.0,-0.01052630588288439,0.015905245717179238,1.9849999845027924,2.151493744226978,1.8185062247786068,1.9699999690055847,2.0899999737739563,2.2375000417232513,2.449999988079071,
2022-03-29,1.870000004768372,1.9299999475479128,1.8480000495910645,1.8799999952316284,37700,0,0.0,0.0,0.015905245717179238,1.9734999895095826,2.1355349049434866,1.8114650740756786,1.9749999642372131,2.0899999737739563,2.232499986886978,2.449999988079071,
2022-03-30,1.9299999475479128,2.059999942779541,1.8910000324249268,2.009999990463257,108100,0,0.0,0.06914893380923193,0.017005076500496034,1.9684999942779542,2.119020247421577,1.8179797411343317,1.9749999642372131,2.0899999737739563,2.2125000059604645,2.449999988079071,
2022-03-31,2.0,2.049999952316284,1.8899999856948853,1.9299999475479128,50500,0,0.0,-0.03980101656463486,0.01632825716901691,1.9564999878406524,2.0755141976292837,1.8374857780520213,1.9749999642372131,2.0899999737739563,2.185499995946884,2.449999988079071,
2022-04-01,2.009999990463257,2.009999990463257,1.8899999856948853,1.8899999856948853,82100,0,0.0,-0.02072536939902403,0.015989848007546773,1.9484999895095825,2.0626583119737267,1.8343416670454382,1.9749999642372131,2.0899999737739563,2.1687500178813934,2.410000026226044,
2022-04-04,1.899999976158142,2.1449999809265137,1.8799999952316284,1.8899999856948853,68300,0,0.0,0.0,0.015989848007546773,1.9419999897480011,2.0538908858163683,1.830109093679634,1.987500011920929,2.0899999737739563,2.157499998807907,2.410000026226044,
2022-04-05,1.8899999856948853,2.009999990463257,1.868000030517578,1.899999976158142,126400,0,0.0,0.005291000285156278,0.01607445029791431,1.937499988079071,2.0485337818371945,1.8264661943209477,1.987500011920929,2.0899999737739563,2.132500022649765,2.410000026226044,
2022-04-06,1.8799999952316284,1.909999966621399,1.7999999523162842,1.8600000143051147,63600,0,0.0,-0.02105261176576878,0.01573604113644417,1.929999989271164,2.040691820425048,1.8193081581172794,1.972499966621399,2.0799999237060547,2.132500022649765,2.410000026226044,
2022-04-07,1.899999976158142,1.9049999713897705,1.830000042915344,1.850000023841858,30700,0,0.0,-0.005376338917391199,0.015651438846076636,1.921499991416931,2.029281227828027,1.8137187550058353,1.972499966621399,2.0799999237060547,2.132500022649765,2.410000026226044,
2022-04-08,1.930999994277954,1.9800000190734863,1.7999999523162842,1.7999999523162842,61600,0,0.0,-0.02702706534118826,0.01522842638570011,1.9104999899864197,2.020729647268481,1.8002703327043588,1.972499966621399,2.0199999809265137,2.1624999940395355,2.410000026226044,
2022-04-11,1.8600000143051147,1.8600000143051147,1.7000000476837158,1.7300000190734863,69100,0,0.0,-0.03888885283175714,0.014636210353127371,1.8964999914169312,2.0227681579933057,1.7702318248405569,1.9225000143051147,1.9225000143051147,2.1624999940395355,2.3799999356269836,
2022-04-12,1.7300000190734863,1.7899999618530271,1.7000000476837158,1.7000000476837158,42300,0,0.0,-0.017341023733535632,0.01438240348202477,1.8839999914169312,2.034133517923314,1.733866464910548,1.9225000143051147,1.9225000143051147,2.1649999916553497,2.3799999356269836,
2022-04-13,1.7000000476837158,1.7799999713897705,1.7000000476837158,1.7699999809265137,79500,0,0.0,0.04117643016432515,0.014974619514597508,1.8799999892711639,2.0377000190050825,1.722299959537245,1.9225000143051147,1.9225000143051147,2.1612499952316284,2.3799999356269836,
2022-04-14,1.7000000476837158,1.7699999809265137,1.649999976158142,1.690000057220459,94500,0,0.0,-0.045197697496120015,0.014297801191657234,1.8694999933242797,2.047380939545914,1.6916190471026455,1.8974999785423279,1.8974999785423279,2.1612499952316284,2.3799999356269836,
2022-04-18,1.690000057220459,1.75,1.600000023841858,1.600000023841858,85200,0,0.0,-0.05325445581737076,0.013536379569810573,1.85349999666214,2.0651030615865733,1.6418969317377068,1.8050000071525574,1.8725000023841858,2.1612499952316284,2.3799999356269836,
2022-04-19,1.6200000047683716,1.659999966621399,1.5499999523162842,1.649999976158142,73700,0,0.0,0.03124996973201677,0.013959391021648244,1.8414999961853027,2.0701860414731,1.6128139508975052,1.7649999856948853,1.847499966621399,2.1612499952316284,2.3799999356269836,
